State,District,Season
Andaman And Nicobar Islands,Andaman And Nicobar Islands,Autumn
Andaman And Nicobar Islands,Andaman And Nicobar Islands,Kharif
Andaman And Nicobar Islands,Andaman And Nicobar Islands,Rabi
Andaman And Nicobar Islands,Andaman And Nicobar Islands,Summer
Andaman And Nicobar Islands,Andaman And Nicobar Islands,Whole Year
Andaman And Nicobar Islands,Nicobar,Kharif
Andaman And Nicobar Islands,Nicobar,Rabi
Andaman And Nicobar Islands,Nicobar,Whole Year
Andaman And Nicobar Islands,Nicobar,Autumn
Andaman And Nicobar Islands,North And Middle Andaman,Kharif
Andaman And Nicobar Islands,North And Middle Andaman,Rabi
Andaman And Nicobar Islands,North And Middle Andaman,Whole Year
Andaman And Nicobar Islands,North And Middle Andaman,Autumn
Andaman And Nicobar Islands,North And Middle Andaman,Summer
Andaman And Nicobar Islands,South Andaman,Rabi
Andaman And Nicobar Islands,South Andaman,Whole Year
Andaman And Nicobar Islands,South Andaman,Autumn
Andaman And Nicobar Islands,South Andaman,Kharif
Andaman And Nicobar Islands,South Andaman,Summer
Andhra Pradesh,Anantapur,Kharif
Andhra Pradesh,Anantapur,Whole Year
Andhra Pradesh,Anantapur,Rabi
Andhra Pradesh,Chittoor,Kharif
Andhra Pradesh,Chittoor,Rabi
Andhra Pradesh,Chittoor,Whole Year
Andhra Pradesh,East Godavari,Kharif
Andhra Pradesh,East Godavari,Whole Year
Andhra Pradesh,East Godavari,Rabi
Andhra Pradesh,Guntur,Kharif
Andhra Pradesh,Guntur,Rabi
Andhra Pradesh,Guntur,Whole Year
Andhra Pradesh,Hyderabad,Kharif
Andhra Pradesh,Krishna,Whole Year
Andhra Pradesh,Krishna,Kharif
Andhra Pradesh,Krishna,Rabi
Andhra Pradesh,Kurnool,Kharif
Andhra Pradesh,Kurnool,Rabi
Andhra Pradesh,Kurnool,Whole Year
Andhra Pradesh,Prakasam,Kharif
Andhra Pradesh,Prakasam,Rabi
Andhra Pradesh,Prakasam,Whole Year
Andhra Pradesh,Sri Potti Sriramulu Nellore,Kharif
Andhra Pradesh,Sri Potti Sriramulu Nellore,Rabi
Andhra Pradesh,Sri Potti Sriramulu Nellore,Whole Year
Andhra Pradesh,Srikakulam,Kharif
Andhra Pradesh,Srikakulam,Rabi
Andhra Pradesh,Srikakulam,Whole Year
Andhra Pradesh,Visakhapatnam,Kharif
Andhra Pradesh,Visakhapatnam,Rabi
Andhra Pradesh,Visakhapatnam,Whole Year
Andhra Pradesh,Vizianagaram,Kharif
Andhra Pradesh,Vizianagaram,Whole Year
Andhra Pradesh,Vizianagaram,Rabi
Andhra Pradesh,West Godavari,Kharif
Andhra Pradesh,West Godavari,Whole Year
Andhra Pradesh,West Godavari,Rabi
Andhra Pradesh,Ysr Kadapa,Kharif
Andhra Pradesh,Ysr Kadapa,Rabi
Andhra Pradesh,Ysr Kadapa,Whole Year
Arunachal Pradesh,Anjaw,Whole Year
Arunachal Pradesh,Anjaw,Kharif
Arunachal Pradesh,Anjaw,Rabi
Arunachal Pradesh,Changlang,Whole Year
Arunachal Pradesh,Changlang,Kharif
Arunachal Pradesh,Changlang,Rabi
Arunachal Pradesh,Dibang Valley,Kharif
Arunachal Pradesh,Dibang Valley,Whole Year
Arunachal Pradesh,Dibang Valley,Rabi
Arunachal Pradesh,East Kameng,Kharif
Arunachal Pradesh,East Kameng,Whole Year
Arunachal Pradesh,East Kameng,Rabi
Arunachal Pradesh,East Siang,Kharif
Arunachal Pradesh,East Siang,Whole Year
Arunachal Pradesh,East Siang,Rabi
Arunachal Pradesh,Kamle,Kharif
Arunachal Pradesh,Kamle,Whole Year
Arunachal Pradesh,Kamle,Rabi
Arunachal Pradesh,Kra Daadi,Whole Year
Arunachal Pradesh,Kra Daadi,Kharif
Arunachal Pradesh,Kra Daadi,Rabi
Arunachal Pradesh,Kurung Kumey,Whole Year
Arunachal Pradesh,Kurung Kumey,Kharif
Arunachal Pradesh,Kurung Kumey,Rabi
Arunachal Pradesh,Lohit,Kharif
Arunachal Pradesh,Lohit,Whole Year
Arunachal Pradesh,Lohit,Rabi
Arunachal Pradesh,Longding,Kharif
Arunachal Pradesh,Longding,Whole Year
Arunachal Pradesh,Longding,Rabi
Arunachal Pradesh,Lower Dibang Valley,Kharif
Arunachal Pradesh,Lower Dibang Valley,Whole Year
Arunachal Pradesh,Lower Dibang Valley,Rabi
Arunachal Pradesh,Lower Siang,Kharif
Arunachal Pradesh,Lower Siang,Whole Year
Arunachal Pradesh,Lower Siang,Rabi
Arunachal Pradesh,Lower Subansiri,Kharif
Arunachal Pradesh,Lower Subansiri,Whole Year
Arunachal Pradesh,Lower Subansiri,Rabi
Arunachal Pradesh,Namsai,Kharif
Arunachal Pradesh,Namsai,Whole Year
Arunachal Pradesh,Namsai,Rabi
Arunachal Pradesh,Papum Pare,Kharif
Arunachal Pradesh,Papum Pare,Whole Year
Arunachal Pradesh,Papum Pare,Rabi
Arunachal Pradesh,Siang,Kharif
Arunachal Pradesh,Siang,Whole Year
Arunachal Pradesh,Siang,Rabi
Arunachal Pradesh,Tawang,Whole Year
Arunachal Pradesh,Tawang,Kharif
Arunachal Pradesh,Tawang,Rabi
Arunachal Pradesh,Tirap,Kharif
Arunachal Pradesh,Tirap,Whole Year
Arunachal Pradesh,Tirap,Rabi
Arunachal Pradesh,Upper Siang,Kharif
Arunachal Pradesh,Upper Siang,Whole Year
Arunachal Pradesh,Upper Siang,Rabi
Arunachal Pradesh,Upper Subansiri,Kharif
Arunachal Pradesh,Upper Subansiri,Whole Year
Arunachal Pradesh,Upper Subansiri,Rabi
Arunachal Pradesh,West Kameng,Whole Year
Arunachal Pradesh,West Kameng,Kharif
Arunachal Pradesh,West Kameng,Rabi
Arunachal Pradesh,West Siang,Kharif
Arunachal Pradesh,West Siang,Whole Year
Arunachal Pradesh,West Siang,Rabi
Assam,Baksa,Rabi
Assam,Baksa,Whole Year
Assam,Baksa,Kharif
Assam,Baksa,Autumn
Assam,Baksa,Summer
Assam,Baksa,Winter
Assam,Barpeta,Rabi
Assam,Barpeta,Whole Year
Assam,Barpeta,Kharif
Assam,Barpeta,Autumn
Assam,Barpeta,Summer
Assam,Barpeta,Winter
Assam,Bongaigaon,Rabi
Assam,Bongaigaon,Whole Year
Assam,Bongaigaon,Kharif
Assam,Bongaigaon,Autumn
Assam,Bongaigaon,Summer
Assam,Bongaigaon,Winter
Assam,Cachar,Rabi
Assam,Cachar,Whole Year
Assam,Cachar,Kharif
Assam,Cachar,Autumn
Assam,Cachar,Summer
Assam,Cachar,Winter
Assam,Chirang,Rabi
Assam,Chirang,Whole Year
Assam,Chirang,Kharif
Assam,Chirang,Autumn
Assam,Chirang,Summer
Assam,Chirang,Winter
Assam,Darrang,Rabi
Assam,Darrang,Whole Year
Assam,Darrang,Kharif
Assam,Darrang,Autumn
Assam,Darrang,Summer
Assam,Darrang,Winter
Assam,Dhemaji,Rabi
Assam,Dhemaji,Whole Year
Assam,Dhemaji,Kharif
Assam,Dhemaji,Autumn
Assam,Dhemaji,Summer
Assam,Dhemaji,Winter
Assam,Dhubri,Rabi
Assam,Dhubri,Whole Year
Assam,Dhubri,Kharif
Assam,Dhubri,Autumn
Assam,Dhubri,Summer
Assam,Dhubri,Winter
Assam,Dibrugarh,Rabi
Assam,Dibrugarh,Whole Year
Assam,Dibrugarh,Kharif
Assam,Dibrugarh,Autumn
Assam,Dibrugarh,Summer
Assam,Dibrugarh,Winter
Assam,Dima Hasao,Rabi
Assam,Dima Hasao,Whole Year
Assam,Dima Hasao,Kharif
Assam,Dima Hasao,Autumn
Assam,Dima Hasao,Summer
Assam,Dima Hasao,Winter
Assam,Goalpara,Rabi
Assam,Goalpara,Whole Year
Assam,Goalpara,Kharif
Assam,Goalpara,Autumn
Assam,Goalpara,Summer
Assam,Goalpara,Winter
Assam,Golaghat,Rabi
Assam,Golaghat,Whole Year
Assam,Golaghat,Kharif
Assam,Golaghat,Autumn
Assam,Golaghat,Summer
Assam,Golaghat,Winter
Assam,Hailakandi,Rabi
Assam,Hailakandi,Whole Year
Assam,Hailakandi,Kharif
Assam,Hailakandi,Autumn
Assam,Hailakandi,Summer
Assam,Hailakandi,Winter
Assam,Jorhat,Rabi
Assam,Jorhat,Whole Year
Assam,Jorhat,Kharif
Assam,Jorhat,Autumn
Assam,Jorhat,Summer
Assam,Jorhat,Winter
Assam,Kamrup,Rabi
Assam,Kamrup,Whole Year
Assam,Kamrup,Kharif
Assam,Kamrup,Autumn
Assam,Kamrup,Summer
Assam,Kamrup,Winter
Assam,Kamrup Metropolitan,Rabi
Assam,Kamrup Metropolitan,Whole Year
Assam,Kamrup Metropolitan,Kharif
Assam,Kamrup Metropolitan,Autumn
Assam,Kamrup Metropolitan,Summer
Assam,Kamrup Metropolitan,Winter
Assam,Karbi Anglong,Rabi
Assam,Karbi Anglong,Whole Year
Assam,Karbi Anglong,Kharif
Assam,Karbi Anglong,Autumn
Assam,Karbi Anglong,Summer
Assam,Karbi Anglong,Winter
Assam,Karimganj,Rabi
Assam,Karimganj,Whole Year
Assam,Karimganj,Kharif
Assam,Karimganj,Autumn
Assam,Karimganj,Summer
Assam,Karimganj,Winter
Assam,Kokrajhar,Rabi
Assam,Kokrajhar,Whole Year
Assam,Kokrajhar,Kharif
Assam,Kokrajhar,Autumn
Assam,Kokrajhar,Summer
Assam,Kokrajhar,Winter
Assam,Lakhimpur,Rabi
Assam,Lakhimpur,Whole Year
Assam,Lakhimpur,Kharif
Assam,Lakhimpur,Autumn
Assam,Lakhimpur,Summer
Assam,Lakhimpur,Winter
Assam,Morigaon,Rabi
Assam,Morigaon,Whole Year
Assam,Morigaon,Kharif
Assam,Morigaon,Autumn
Assam,Morigaon,Summer
Assam,Morigaon,Winter
Assam,Nagaon,Rabi
Assam,Nagaon,Whole Year
Assam,Nagaon,Kharif
Assam,Nagaon,Autumn
Assam,Nagaon,Summer
Assam,Nagaon,Winter
Assam,Nalbari,Rabi
Assam,Nalbari,Whole Year
Assam,Nalbari,Kharif
Assam,Nalbari,Autumn
Assam,Nalbari,Summer
Assam,Nalbari,Winter
Assam,Sivasagar,Rabi
Assam,Sivasagar,Whole Year
Assam,Sivasagar,Kharif
Assam,Sivasagar,Autumn
Assam,Sivasagar,Summer
Assam,Sivasagar,Winter
Assam,Sonitpur,Rabi
Assam,Sonitpur,Whole Year
Assam,Sonitpur,Kharif
Assam,Sonitpur,Autumn
Assam,Sonitpur,Summer
Assam,Sonitpur,Winter
Assam,Tinsukia,Rabi
Assam,Tinsukia,Whole Year
Assam,Tinsukia,Kharif
Assam,Tinsukia,Autumn
Assam,Tinsukia,Summer
Assam,Tinsukia,Winter
Assam,Udalguri,Rabi
Assam,Udalguri,Whole Year
Assam,Udalguri,Kharif
Assam,Udalguri,Autumn
Assam,Udalguri,Summer
Assam,Udalguri,Winter
Bihar,Araria,Kharif
Bihar,Araria,Whole Year
Bihar,Araria,Rabi
Bihar,Araria,Autumn
Bihar,Araria,Summer
Bihar,Araria,Winter
Bihar,Arwal,Kharif
Bihar,Arwal,Whole Year
Bihar,Arwal,Rabi
Bihar,Arwal,Autumn
Bihar,Arwal,Summer
Bihar,Arwal,Winter
Bihar,Aurangabad,Kharif
Bihar,Aurangabad,Rabi
Bihar,Aurangabad,Whole Year
Bihar,Aurangabad,Autumn
Bihar,Aurangabad,Summer
Bihar,Aurangabad,Winter
Bihar,Banka,Kharif
Bihar,Banka,Rabi
Bihar,Banka,Whole Year
Bihar,Banka,Autumn
Bihar,Banka,Summer
Bihar,Banka,Winter
Bihar,Begusarai,Kharif
Bihar,Begusarai,Whole Year
Bihar,Begusarai,Rabi
Bihar,Begusarai,Autumn
Bihar,Begusarai,Summer
Bihar,Begusarai,Winter
Bihar,Bhagalpur,Kharif
Bihar,Bhagalpur,Whole Year
Bihar,Bhagalpur,Rabi
Bihar,Bhagalpur,Autumn
Bihar,Bhagalpur,Summer
Bihar,Bhagalpur,Winter
Bihar,Bhojpur,Kharif
Bihar,Bhojpur,Rabi
Bihar,Bhojpur,Whole Year
Bihar,Bhojpur,Autumn
Bihar,Bhojpur,Summer
Bihar,Bhojpur,Winter
Bihar,Buxar,Kharif
Bihar,Buxar,Rabi
Bihar,Buxar,Whole Year
Bihar,Buxar,Autumn
Bihar,Buxar,Summer
Bihar,Buxar,Winter
Bihar,Darbhanga,Kharif
Bihar,Darbhanga,Whole Year
Bihar,Darbhanga,Rabi
Bihar,Darbhanga,Autumn
Bihar,Darbhanga,Summer
Bihar,Darbhanga,Winter
Bihar,East Champaran,Kharif
Bihar,East Champaran,Whole Year
Bihar,East Champaran,Rabi
Bihar,East Champaran,Autumn
Bihar,East Champaran,Summer
Bihar,East Champaran,Winter
Bihar,Gaya,Kharif
Bihar,Gaya,Whole Year
Bihar,Gaya,Rabi
Bihar,Gaya,Autumn
Bihar,Gaya,Summer
Bihar,Gaya,Winter
Bihar,Gopalganj,Kharif
Bihar,Gopalganj,Whole Year
Bihar,Gopalganj,Rabi
Bihar,Gopalganj,Autumn
Bihar,Gopalganj,Summer
Bihar,Gopalganj,Winter
Bihar,Jamui,Kharif
Bihar,Jamui,Rabi
Bihar,Jamui,Autumn
Bihar,Jamui,Summer
Bihar,Jamui,Whole Year
Bihar,Jamui,Winter
Bihar,Jehanabad,Kharif
Bihar,Jehanabad,Rabi
Bihar,Jehanabad,Whole Year
Bihar,Jehanabad,Autumn
Bihar,Jehanabad,Summer
Bihar,Jehanabad,Winter
Bihar,Kaimur,Kharif
Bihar,Kaimur,Whole Year
Bihar,Kaimur,Rabi
Bihar,Kaimur,Autumn
Bihar,Kaimur,Summer
Bihar,Kaimur,Winter
Bihar,Katihar,Kharif
Bihar,Katihar,Whole Year
Bihar,Katihar,Rabi
Bihar,Katihar,Autumn
Bihar,Katihar,Summer
Bihar,Katihar,Winter
Bihar,Khagaria,Kharif
Bihar,Khagaria,Whole Year
Bihar,Khagaria,Rabi
Bihar,Khagaria,Autumn
Bihar,Khagaria,Summer
Bihar,Khagaria,Winter
Bihar,Kishanganj,Kharif
Bihar,Kishanganj,Whole Year
Bihar,Kishanganj,Rabi
Bihar,Kishanganj,Autumn
Bihar,Kishanganj,Summer
Bihar,Kishanganj,Winter
Bihar,Lakhisarai,Kharif
Bihar,Lakhisarai,Rabi
Bihar,Lakhisarai,Whole Year
Bihar,Lakhisarai,Autumn
Bihar,Lakhisarai,Summer
Bihar,Lakhisarai,Winter
Bihar,Madhepura,Kharif
Bihar,Madhepura,Whole Year
Bihar,Madhepura,Rabi
Bihar,Madhepura,Autumn
Bihar,Madhepura,Summer
Bihar,Madhepura,Winter
Bihar,Madhubani,Kharif
Bihar,Madhubani,Whole Year
Bihar,Madhubani,Rabi
Bihar,Madhubani,Autumn
Bihar,Madhubani,Summer
Bihar,Madhubani,Winter
Bihar,Munger,Kharif
Bihar,Munger,Rabi
Bihar,Munger,Autumn
Bihar,Munger,Summer
Bihar,Munger,Whole Year
Bihar,Munger,Winter
Bihar,Muzaffarpur,Kharif
Bihar,Muzaffarpur,Whole Year
Bihar,Muzaffarpur,Rabi
Bihar,Muzaffarpur,Autumn
Bihar,Muzaffarpur,Summer
Bihar,Muzaffarpur,Winter
Bihar,Nalanda,Kharif
Bihar,Nalanda,Rabi
Bihar,Nalanda,Whole Year
Bihar,Nalanda,Autumn
Bihar,Nalanda,Summer
Bihar,Nalanda,Winter
Bihar,Nawada,Kharif
Bihar,Nawada,Rabi
Bihar,Nawada,Whole Year
Bihar,Nawada,Autumn
Bihar,Nawada,Summer
Bihar,Nawada,Winter
Bihar,Patna,Kharif
Bihar,Patna,Rabi
Bihar,Patna,Whole Year
Bihar,Patna,Autumn
Bihar,Patna,Summer
Bihar,Patna,Winter
Bihar,Purnia,Kharif
Bihar,Purnia,Whole Year
Bihar,Purnia,Rabi
Bihar,Purnia,Autumn
Bihar,Purnia,Summer
Bihar,Purnia,Winter
Bihar,Rohtas,Kharif
Bihar,Rohtas,Rabi
Bihar,Rohtas,Whole Year
Bihar,Rohtas,Autumn
Bihar,Rohtas,Summer
Bihar,Rohtas,Winter
Bihar,Saharsa,Kharif
Bihar,Saharsa,Whole Year
Bihar,Saharsa,Rabi
Bihar,Saharsa,Autumn
Bihar,Saharsa,Summer
Bihar,Saharsa,Winter
Bihar,Samastipur,Kharif
Bihar,Samastipur,Whole Year
Bihar,Samastipur,Rabi
Bihar,Samastipur,Autumn
Bihar,Samastipur,Summer
Bihar,Samastipur,Winter
Bihar,Saran,Kharif
Bihar,Saran,Whole Year
Bihar,Saran,Rabi
Bihar,Saran,Autumn
Bihar,Saran,Summer
Bihar,Saran,Winter
Bihar,Sheikhpura,Kharif
Bihar,Sheikhpura,Rabi
Bihar,Sheikhpura,Whole Year
Bihar,Sheikhpura,Autumn
Bihar,Sheikhpura,Summer
Bihar,Sheikhpura,Winter
Bihar,Sheohar,Kharif
Bihar,Sheohar,Whole Year
Bihar,Sheohar,Rabi
Bihar,Sheohar,Autumn
Bihar,Sheohar,Summer
Bihar,Sheohar,Winter
Bihar,Sitamarhi,Kharif
Bihar,Sitamarhi,Whole Year
Bihar,Sitamarhi,Rabi
Bihar,Sitamarhi,Autumn
Bihar,Sitamarhi,Summer
Bihar,Sitamarhi,Winter
Bihar,Siwan,Kharif
Bihar,Siwan,Whole Year
Bihar,Siwan,Rabi
Bihar,Siwan,Autumn
Bihar,Siwan,Summer
Bihar,Siwan,Winter
Bihar,Supaul,Kharif
Bihar,Supaul,Whole Year
Bihar,Supaul,Rabi
Bihar,Supaul,Autumn
Bihar,Supaul,Summer
Bihar,Supaul,Winter
Bihar,Vaishali,Kharif
Bihar,Vaishali,Whole Year
Bihar,Vaishali,Rabi
Bihar,Vaishali,Autumn
Bihar,Vaishali,Summer
Bihar,Vaishali,Winter
Bihar,West Champaran,Kharif
Bihar,West Champaran,Whole Year
Bihar,West Champaran,Rabi
Bihar,West Champaran,Autumn
Bihar,West Champaran,Summer
Bihar,West Champaran,Winter
Chandigarh,Chandigarh,Kharif
Chandigarh,Chandigarh,Rabi
Chandigarh,Chandigarh,Whole Year
Chhattisgarh,Balod,Kharif
Chhattisgarh,Balod,Whole Year
Chhattisgarh,Balod,Rabi
Chhattisgarh,Baloda Bazar,Kharif
Chhattisgarh,Baloda Bazar,Whole Year
Chhattisgarh,Baloda Bazar,Rabi
Chhattisgarh,Balrampur,Kharif
Chhattisgarh,Balrampur,Whole Year
Chhattisgarh,Balrampur,Rabi
Chhattisgarh,Balrampur,Summer
Chhattisgarh,Bastar,Kharif
Chhattisgarh,Bastar,Whole Year
Chhattisgarh,Bastar,Rabi
Chhattisgarh,Bemetara,Kharif
Chhattisgarh,Bemetara,Whole Year
Chhattisgarh,Bemetara,Rabi
Chhattisgarh,Bilaspur,Kharif
Chhattisgarh,Bilaspur,Whole Year
Chhattisgarh,Bilaspur,Rabi
Chhattisgarh,Dantewada,Kharif
Chhattisgarh,Dantewada,Whole Year
Chhattisgarh,Dantewada,Rabi
Chhattisgarh,Dhamtari,Kharif
Chhattisgarh,Dhamtari,Whole Year
Chhattisgarh,Dhamtari,Rabi
Chhattisgarh,Durg,Kharif
Chhattisgarh,Durg,Whole Year
Chhattisgarh,Durg,Rabi
Chhattisgarh,Gariaband,Kharif
Chhattisgarh,Gariaband,Whole Year
Chhattisgarh,Gariaband,Rabi
Chhattisgarh,Janjgir-Champa,Kharif
Chhattisgarh,Janjgir-Champa,Whole Year
Chhattisgarh,Janjgir-Champa,Rabi
Chhattisgarh,Jashpur,Kharif
Chhattisgarh,Jashpur,Whole Year
Chhattisgarh,Jashpur,Rabi
Chhattisgarh,Kabirdham,Kharif
Chhattisgarh,Kabirdham,Whole Year
Chhattisgarh,Kabirdham,Rabi
Chhattisgarh,Kanker,Kharif
Chhattisgarh,Kanker,Whole Year
Chhattisgarh,Kanker,Rabi
Chhattisgarh,Kondagaon,Kharif
Chhattisgarh,Kondagaon,Whole Year
Chhattisgarh,Kondagaon,Rabi
Chhattisgarh,Korba,Kharif
Chhattisgarh,Korba,Whole Year
Chhattisgarh,Korba,Rabi
Chhattisgarh,Korea,Kharif
Chhattisgarh,Korea,Rabi
Chhattisgarh,Korea,Whole Year
Chhattisgarh,Mahasamund,Kharif
Chhattisgarh,Mahasamund,Whole Year
Chhattisgarh,Mahasamund,Rabi
Chhattisgarh,Mungeli,Kharif
Chhattisgarh,Mungeli,Whole Year
Chhattisgarh,Mungeli,Rabi
Chhattisgarh,Narayanpur,Kharif
Chhattisgarh,Narayanpur,Whole Year
Chhattisgarh,Narayanpur,Rabi
Chhattisgarh,Raigarh,Kharif
Chhattisgarh,Raigarh,Whole Year
Chhattisgarh,Raigarh,Rabi
Chhattisgarh,Raipur,Kharif
Chhattisgarh,Raipur,Whole Year
Chhattisgarh,Raipur,Rabi
Chhattisgarh,Rajnandgaon,Kharif
Chhattisgarh,Rajnandgaon,Whole Year
Chhattisgarh,Rajnandgaon,Rabi
Chhattisgarh,Sukma,Kharif
Chhattisgarh,Sukma,Whole Year
Chhattisgarh,Sukma,Rabi
Chhattisgarh,Surajpur,Kharif
Chhattisgarh,Surajpur,Rabi
Chhattisgarh,Surajpur,Whole Year
Chhattisgarh,Surguja,Kharif
Chhattisgarh,Surguja,Whole Year
Chhattisgarh,Surguja,Rabi
Chhattisgarh,Vijayapura,Kharif
Chhattisgarh,Vijayapura,Whole Year
Chhattisgarh,Vijayapura,Rabi
Delhi,Delhi,Kharif
Delhi,Delhi,Rabi
Delhi,Delhi,Whole Year
Goa,Goa,Whole Year
Goa,Goa,Kharif
Goa,Goa,Rabi
Goa,North Goa,Whole Year
Goa,North Goa,Kharif
Goa,North Goa,Rabi
Goa,South Goa,Whole Year
Goa,South Goa,Kharif
Goa,South Goa,Rabi
Gujarat,Ahmedabad,Kharif
Gujarat,Ahmedabad,Summer
Gujarat,Ahmedabad,Whole Year
Gujarat,Ahmedabad,Rabi
Gujarat,Amreli,Kharif
Gujarat,Amreli,Summer
Gujarat,Amreli,Whole Year
Gujarat,Amreli,Rabi
Gujarat,Anand,Kharif
Gujarat,Anand,Summer
Gujarat,Anand,Whole Year
Gujarat,Anand,Rabi
Gujarat,Aravalli,Kharif
Gujarat,Aravalli,Summer
Gujarat,Aravalli,Whole Year
Gujarat,Aravalli,Rabi
Gujarat,Banaskantha,Kharif
Gujarat,Banaskantha,Summer
Gujarat,Banaskantha,Whole Year
Gujarat,Banaskantha,Rabi
Gujarat,Bharuch,Kharif
Gujarat,Bharuch,Summer
Gujarat,Bharuch,Whole Year
Gujarat,Bharuch,Rabi
Gujarat,Bhavnagar,Kharif
Gujarat,Bhavnagar,Summer
Gujarat,Bhavnagar,Whole Year
Gujarat,Bhavnagar,Rabi
Gujarat,Botad,Kharif
Gujarat,Botad,Summer
Gujarat,Botad,Whole Year
Gujarat,Botad,Rabi
Gujarat,Chhota Udepur,Kharif
Gujarat,Chhota Udepur,Summer
Gujarat,Chhota Udepur,Whole Year
Gujarat,Chhota Udepur,Rabi
Gujarat,Dahod,Kharif
Gujarat,Dahod,Summer
Gujarat,Dahod,Rabi
Gujarat,Dahod,Whole Year
Gujarat,Dang,Kharif
Gujarat,Dang,Whole Year
Gujarat,Dang,Rabi
Gujarat,Dang,Summer
Gujarat,Devbhumi Dwarka,Kharif
Gujarat,Devbhumi Dwarka,Summer
Gujarat,Devbhumi Dwarka,Whole Year
Gujarat,Devbhumi Dwarka,Rabi
Gujarat,Gandhinagar,Kharif
Gujarat,Gandhinagar,Summer
Gujarat,Gandhinagar,Whole Year
Gujarat,Gandhinagar,Rabi
Gujarat,Gir Somnath,Kharif
Gujarat,Gir Somnath,Summer
Gujarat,Gir Somnath,Rabi
Gujarat,Gir Somnath,Whole Year
Gujarat,Jamnagar,Kharif
Gujarat,Jamnagar,Summer
Gujarat,Jamnagar,Rabi
Gujarat,Jamnagar,Whole Year
Gujarat,Junagadh,Kharif
Gujarat,Junagadh,Summer
Gujarat,Junagadh,Whole Year
Gujarat,Junagadh,Rabi
Gujarat,Kheda,Kharif
Gujarat,Kheda,Summer
Gujarat,Kheda,Whole Year
Gujarat,Kheda,Rabi
Gujarat,Kutch,Kharif
Gujarat,Kutch,Summer
Gujarat,Kutch,Whole Year
Gujarat,Kutch,Rabi
Gujarat,Mahisagar,Kharif
Gujarat,Mahisagar,Summer
Gujarat,Mahisagar,Whole Year
Gujarat,Mahisagar,Rabi
Gujarat,Mehsana,Kharif
Gujarat,Mehsana,Summer
Gujarat,Mehsana,Rabi
Gujarat,Mehsana,Whole Year
Gujarat,Morbi,Kharif
Gujarat,Morbi,Summer
Gujarat,Morbi,Whole Year
Gujarat,Morbi,Rabi
Gujarat,Narmada,Kharif
Gujarat,Narmada,Summer
Gujarat,Narmada,Whole Year
Gujarat,Narmada,Rabi
Gujarat,Navsari,Kharif
Gujarat,Navsari,Summer
Gujarat,Navsari,Whole Year
Gujarat,Navsari,Rabi
Gujarat,Panchmahal,Kharif
Gujarat,Panchmahal,Summer
Gujarat,Panchmahal,Whole Year
Gujarat,Panchmahal,Rabi
Gujarat,Patan,Kharif
Gujarat,Patan,Summer
Gujarat,Patan,Whole Year
Gujarat,Patan,Rabi
Gujarat,Porbandar,Kharif
Gujarat,Porbandar,Summer
Gujarat,Porbandar,Rabi
Gujarat,Porbandar,Whole Year
Gujarat,Rajkot,Kharif
Gujarat,Rajkot,Summer
Gujarat,Rajkot,Whole Year
Gujarat,Rajkot,Rabi
Gujarat,Sabarkantha,Kharif
Gujarat,Sabarkantha,Summer
Gujarat,Sabarkantha,Whole Year
Gujarat,Sabarkantha,Rabi
Gujarat,Surat,Kharif
Gujarat,Surat,Summer
Gujarat,Surat,Whole Year
Gujarat,Surat,Rabi
Gujarat,Surendranagar,Kharif
Gujarat,Surendranagar,Summer
Gujarat,Surendranagar,Whole Year
Gujarat,Surendranagar,Rabi
Gujarat,Tapi,Kharif
Gujarat,Tapi,Summer
Gujarat,Tapi,Whole Year
Gujarat,Tapi,Rabi
Gujarat,Vadodara,Kharif
Gujarat,Vadodara,Summer
Gujarat,Vadodara,Whole Year
Gujarat,Vadodara,Rabi
Gujarat,Valsad,Kharif
Gujarat,Valsad,Summer
Gujarat,Valsad,Whole Year
Gujarat,Valsad,Rabi
Haryana,Ambala,Kharif
Haryana,Ambala,Rabi
Haryana,Ambala,Whole Year
Haryana,Bhiwani,Kharif
Haryana,Bhiwani,Rabi
Haryana,Bhiwani,Whole Year
Haryana,Charkhi Dadri,Kharif
Haryana,Charkhi Dadri,Rabi
Haryana,Charkhi Dadri,Whole Year
Haryana,Faridabad,Kharif
Haryana,Faridabad,Whole Year
Haryana,Faridabad,Rabi
Haryana,Fatehabad,Kharif
Haryana,Fatehabad,Rabi
Haryana,Fatehabad,Whole Year
Haryana,Gurugram,Kharif
Haryana,Gurugram,Rabi
Haryana,Gurugram,Whole Year
Haryana,Hisar,Kharif
Haryana,Hisar,Rabi
Haryana,Hisar,Whole Year
Haryana,Jhajjar,Kharif
Haryana,Jhajjar,Whole Year
Haryana,Jhajjar,Rabi
Haryana,Jind,Kharif
Haryana,Jind,Rabi
Haryana,Jind,Whole Year
Haryana,Kaithal,Kharif
Haryana,Kaithal,Rabi
Haryana,Kaithal,Whole Year
Haryana,Karnal,Kharif
Haryana,Karnal,Rabi
Haryana,Karnal,Whole Year
Haryana,Kurukshetra,Kharif
Haryana,Kurukshetra,Rabi
Haryana,Kurukshetra,Whole Year
Haryana,Mahendragarh,Kharif
Haryana,Mahendragarh,Rabi
Haryana,Mahendragarh,Whole Year
Haryana,Nuh,Kharif
Haryana,Nuh,Rabi
Haryana,Nuh,Whole Year
Haryana,Palwal,Kharif
Haryana,Palwal,Rabi
Haryana,Palwal,Whole Year
Haryana,Panchkula,Kharif
Haryana,Panchkula,Rabi
Haryana,Panchkula,Whole Year
Haryana,Panipat,Kharif
Haryana,Panipat,Rabi
Haryana,Panipat,Whole Year
Haryana,Rewari,Kharif
Haryana,Rewari,Rabi
Haryana,Rewari,Whole Year
Haryana,Rohtak,Kharif
Haryana,Rohtak,Rabi
Haryana,Rohtak,Whole Year
Haryana,Sirsa,Kharif
Haryana,Sirsa,Rabi
Haryana,Sirsa,Whole Year
Haryana,Sonipat,Kharif
Haryana,Sonipat,Whole Year
Haryana,Sonipat,Rabi
Haryana,Yamunanagar,Kharif
Haryana,Yamunanagar,Rabi
Haryana,Yamunanagar,Whole Year
Himachal Pradesh,Bilaspur,Kharif
Himachal Pradesh,Bilaspur,Rabi
Himachal Pradesh,Bilaspur,Whole Year
Himachal Pradesh,Chamba,Kharif
Himachal Pradesh,Chamba,Rabi
Himachal Pradesh,Chamba,Whole Year
Himachal Pradesh,Hamirpur,Kharif
Himachal Pradesh,Hamirpur,Rabi
Himachal Pradesh,Hamirpur,Whole Year
Himachal Pradesh,Kangra,Kharif
Himachal Pradesh,Kangra,Rabi
Himachal Pradesh,Kangra,Whole Year
Himachal Pradesh,Kinnaur,Rabi
Himachal Pradesh,Kinnaur,Kharif
Himachal Pradesh,Kinnaur,Whole Year
Himachal Pradesh,Kullu,Kharif
Himachal Pradesh,Kullu,Rabi
Himachal Pradesh,Kullu,Whole Year
Himachal Pradesh,Lahaul And Spiti,Rabi
Himachal Pradesh,Lahaul And Spiti,Kharif
Himachal Pradesh,Lahaul And Spiti,Whole Year
Himachal Pradesh,Mandi,Kharif
Himachal Pradesh,Mandi,Rabi
Himachal Pradesh,Mandi,Whole Year
Himachal Pradesh,Shimla,Kharif
Himachal Pradesh,Shimla,Rabi
Himachal Pradesh,Shimla,Whole Year
Himachal Pradesh,Sirmaur,Kharif
Himachal Pradesh,Sirmaur,Rabi
Himachal Pradesh,Sirmaur,Whole Year
Himachal Pradesh,Solan,Kharif
Himachal Pradesh,Solan,Rabi
Himachal Pradesh,Solan,Whole Year
Himachal Pradesh,Una,Kharif
Himachal Pradesh,Una,Rabi
Himachal Pradesh,Una,Whole Year
Jammu And Kashmir,Anantnag,Kharif
Jammu And Kashmir,Anantnag,Whole Year
Jammu And Kashmir,Anantnag,Rabi
Jammu And Kashmir,Bandipora,Kharif
Jammu And Kashmir,Bandipora,Rabi
Jammu And Kashmir,Baramulla,Kharif
Jammu And Kashmir,Baramulla,Rabi
Jammu And Kashmir,Baramulla,Whole Year
Jammu And Kashmir,Budgam,Kharif
Jammu And Kashmir,Budgam,Rabi
Jammu And Kashmir,Budgam,Whole Year
Jammu And Kashmir,Doda,Kharif
Jammu And Kashmir,Doda,Rabi
Jammu And Kashmir,Doda,Whole Year
Jammu And Kashmir,Ganderbal,Kharif
Jammu And Kashmir,Ganderbal,Rabi
Jammu And Kashmir,Jammu,Rabi
Jammu And Kashmir,Jammu,Kharif
Jammu And Kashmir,Jammu,Whole Year
Jammu And Kashmir,Kathua,Kharif
Jammu And Kashmir,Kathua,Rabi
Jammu And Kashmir,Kathua,Whole Year
Jammu And Kashmir,Kishtwar,Kharif
Jammu And Kashmir,Kishtwar,Rabi
Jammu And Kashmir,Kulgam,Kharif
Jammu And Kashmir,Kulgam,Rabi
Jammu And Kashmir,Kupwara,Kharif
Jammu And Kashmir,Kupwara,Rabi
Jammu And Kashmir,Kupwara,Whole Year
Jammu And Kashmir,Leh,Rabi
Jammu And Kashmir,Leh,Kharif
Jammu And Kashmir,Leh,Whole Year
Jammu And Kashmir,Poonch,Kharif
Jammu And Kashmir,Poonch,Whole Year
Jammu And Kashmir,Poonch,Rabi
Jammu And Kashmir,Pulwama,Kharif
Jammu And Kashmir,Pulwama,Whole Year
Jammu And Kashmir,Pulwama,Rabi
Jammu And Kashmir,Rajouri,Kharif
Jammu And Kashmir,Rajouri,Rabi
Jammu And Kashmir,Rajouri,Whole Year
Jammu And Kashmir,Ramban,Rabi
Jammu And Kashmir,Ramban,Kharif
Jammu And Kashmir,Reasi,Kharif
Jammu And Kashmir,Reasi,Rabi
Jammu And Kashmir,Samba,Kharif
Jammu And Kashmir,Samba,Rabi
Jammu And Kashmir,Shopian,Kharif
Jammu And Kashmir,Shopian,Rabi
Jammu And Kashmir,Srinagar,Rabi
Jammu And Kashmir,Srinagar,Kharif
Jammu And Kashmir,Srinagar,Whole Year
Jammu And Kashmir,Udhampur,Kharif
Jammu And Kashmir,Udhampur,Rabi
Jammu And Kashmir,Udhampur,Whole Year
Jharkhand,Bokaro,Kharif
Jharkhand,Bokaro,Rabi
Jharkhand,Bokaro,Autumn
Jharkhand,Bokaro,Winter
Jharkhand,Chatra,Kharif
Jharkhand,Chatra,Rabi
Jharkhand,Chatra,Autumn
Jharkhand,Chatra,Winter
Jharkhand,Chatra,Whole Year
Jharkhand,Deoghar,Kharif
Jharkhand,Deoghar,Rabi
Jharkhand,Deoghar,Winter
Jharkhand,Deoghar,Autumn
Jharkhand,Dhanbad,Kharif
Jharkhand,Dhanbad,Rabi
Jharkhand,Dhanbad,Autumn
Jharkhand,Dhanbad,Winter
Jharkhand,Dumka,Kharif
Jharkhand,Dumka,Rabi
Jharkhand,Dumka,Winter
Jharkhand,Dumka,Autumn
Jharkhand,East Singhbhum,Kharif
Jharkhand,East Singhbhum,Rabi
Jharkhand,East Singhbhum,Autumn
Jharkhand,East Singhbhum,Winter
Jharkhand,East Singhbhum,Whole Year
Jharkhand,Garhwa,Kharif
Jharkhand,Garhwa,Rabi
Jharkhand,Garhwa,Autumn
Jharkhand,Garhwa,Whole Year
Jharkhand,Garhwa,Winter
Jharkhand,Giridih,Kharif
Jharkhand,Giridih,Rabi
Jharkhand,Giridih,Winter
Jharkhand,Giridih,Autumn
Jharkhand,Giridih,Whole Year
Jharkhand,Godda,Kharif
Jharkhand,Godda,Rabi
Jharkhand,Godda,Autumn
Jharkhand,Godda,Winter
Jharkhand,Godda,Whole Year
Jharkhand,Gumla,Kharif
Jharkhand,Gumla,Rabi
Jharkhand,Gumla,Autumn
Jharkhand,Gumla,Winter
Jharkhand,Gumla,Whole Year
Jharkhand,Hazaribagh,Kharif
Jharkhand,Hazaribagh,Rabi
Jharkhand,Hazaribagh,Autumn
Jharkhand,Hazaribagh,Whole Year
Jharkhand,Hazaribagh,Winter
Jharkhand,Jamtara,Kharif
Jharkhand,Jamtara,Rabi
Jharkhand,Jamtara,Autumn
Jharkhand,Jamtara,Winter
Jharkhand,Khunti,Kharif
Jharkhand,Khunti,Rabi
Jharkhand,Khunti,Autumn
Jharkhand,Khunti,Winter
Jharkhand,Koderma,Kharif
Jharkhand,Koderma,Rabi
Jharkhand,Koderma,Autumn
Jharkhand,Koderma,Winter
Jharkhand,Koderma,Whole Year
Jharkhand,Latehar,Kharif
Jharkhand,Latehar,Rabi
Jharkhand,Latehar,Autumn
Jharkhand,Latehar,Winter
Jharkhand,Lohardaga,Kharif
Jharkhand,Lohardaga,Rabi
Jharkhand,Lohardaga,Autumn
Jharkhand,Lohardaga,Winter
Jharkhand,Lohardaga,Whole Year
Jharkhand,Pakur,Kharif
Jharkhand,Pakur,Rabi
Jharkhand,Pakur,Autumn
Jharkhand,Pakur,Winter
Jharkhand,Pakur,Whole Year
Jharkhand,Palamu,Kharif
Jharkhand,Palamu,Rabi
Jharkhand,Palamu,Autumn
Jharkhand,Palamu,Winter
Jharkhand,Palamu,Whole Year
Jharkhand,Ramgarh,Kharif
Jharkhand,Ramgarh,Rabi
Jharkhand,Ramgarh,Autumn
Jharkhand,Ramgarh,Winter
Jharkhand,Ranchi,Kharif
Jharkhand,Ranchi,Rabi
Jharkhand,Ranchi,Autumn
Jharkhand,Ranchi,Whole Year
Jharkhand,Ranchi,Winter
Jharkhand,Sahibganj,Kharif
Jharkhand,Sahibganj,Rabi
Jharkhand,Sahibganj,Autumn
Jharkhand,Sahibganj,Winter
Jharkhand,Sahibganj,Whole Year
Jharkhand,Saraikela-Kharsawan,Kharif
Jharkhand,Saraikela-Kharsawan,Rabi
Jharkhand,Saraikela-Kharsawan,Autumn
Jharkhand,Saraikela-Kharsawan,Winter
Jharkhand,Saraikela-Kharsawan,Whole Year
Jharkhand,Simdega,Kharif
Jharkhand,Simdega,Rabi
Jharkhand,Simdega,Autumn
Jharkhand,Simdega,Winter
Jharkhand,West Singhbhum,Kharif
Jharkhand,West Singhbhum,Rabi
Jharkhand,West Singhbhum,Autumn
Jharkhand,West Singhbhum,Winter
Karnataka,Bagalkote,Whole Year
Karnataka,Bagalkote,Kharif
Karnataka,Bagalkote,Rabi
Karnataka,Bagalkote,Summer
Karnataka,Ballari,Whole Year
Karnataka,Ballari,Kharif
Karnataka,Ballari,Rabi
Karnataka,Ballari,Summer
Karnataka,Belagavi,Whole Year
Karnataka,Belagavi,Kharif
Karnataka,Belagavi,Summer
Karnataka,Belagavi,Rabi
Karnataka,Bengaluru Rural,Whole Year
Karnataka,Bengaluru Rural,Kharif
Karnataka,Bengaluru Rural,Rabi
Karnataka,Bengaluru Rural,Summer
Karnataka,Bengaluru Urban,Whole Year
Karnataka,Bengaluru Urban,Kharif
Karnataka,Bengaluru Urban,Rabi
Karnataka,Bengaluru Urban,Summer
Karnataka,Bidar,Kharif
Karnataka,Bidar,Whole Year
Karnataka,Bidar,Rabi
Karnataka,Bidar,Summer
Karnataka,Chamarajanagar,Whole Year
Karnataka,Chamarajanagar,Kharif
Karnataka,Chamarajanagar,Rabi
Karnataka,Chamarajanagar,Summer
Karnataka,Chikkaballapura,Whole Year
Karnataka,Chikkaballapura,Kharif
Karnataka,Chikkaballapura,Rabi
Karnataka,Chikkaballapura,Summer
Karnataka,Chikkamagaluru,Whole Year
Karnataka,Chikkamagaluru,Kharif
Karnataka,Chikkamagaluru,Rabi
Karnataka,Chikkamagaluru,Summer
Karnataka,Chitradurga,Whole Year
Karnataka,Chitradurga,Kharif
Karnataka,Chitradurga,Rabi
Karnataka,Chitradurga,Summer
Karnataka,Dakshina Kannada,Whole Year
Karnataka,Dakshina Kannada,Kharif
Karnataka,Dakshina Kannada,Rabi
Karnataka,Dakshina Kannada,Summer
Karnataka,Davanagere,Whole Year
Karnataka,Davanagere,Kharif
Karnataka,Davanagere,Rabi
Karnataka,Davanagere,Summer
Karnataka,Dharwad,Whole Year
Karnataka,Dharwad,Kharif
Karnataka,Dharwad,Summer
Karnataka,Dharwad,Rabi
Karnataka,Gadag,Whole Year
Karnataka,Gadag,Kharif
Karnataka,Gadag,Rabi
Karnataka,Gadag,Summer
Karnataka,Hassan,Whole Year
Karnataka,Hassan,Kharif
Karnataka,Hassan,Rabi
Karnataka,Hassan,Summer
Karnataka,Haveri,Whole Year
Karnataka,Haveri,Kharif
Karnataka,Haveri,Summer
Karnataka,Haveri,Rabi
Karnataka,Kalaburagi,Kharif
Karnataka,Kalaburagi,Summer
Karnataka,Kalaburagi,Whole Year
Karnataka,Kalaburagi,Rabi
Karnataka,Kodagu,Whole Year
Karnataka,Kodagu,Kharif
Karnataka,Kodagu,Rabi
Karnataka,Kodagu,Summer
Karnataka,Kolar,Whole Year
Karnataka,Kolar,Kharif
Karnataka,Kolar,Rabi
Karnataka,Kolar,Summer
Karnataka,Koppal,Kharif
Karnataka,Koppal,Rabi
Karnataka,Koppal,Summer
Karnataka,Koppal,Whole Year
Karnataka,Mandya,Whole Year
Karnataka,Mandya,Kharif
Karnataka,Mandya,Rabi
Karnataka,Mandya,Summer
Karnataka,Mysuru,Whole Year
Karnataka,Mysuru,Kharif
Karnataka,Mysuru,Rabi
Karnataka,Mysuru,Summer
Karnataka,Raichur,Kharif
Karnataka,Raichur,Summer
Karnataka,Raichur,Whole Year
Karnataka,Raichur,Rabi
Karnataka,Ramanagara,Whole Year
Karnataka,Ramanagara,Kharif
Karnataka,Ramanagara,Summer
Karnataka,Ramanagara,Rabi
Karnataka,Shivamogga,Whole Year
Karnataka,Shivamogga,Kharif
Karnataka,Shivamogga,Rabi
Karnataka,Shivamogga,Summer
Karnataka,Tumakuru,Whole Year
Karnataka,Tumakuru,Kharif
Karnataka,Tumakuru,Summer
Karnataka,Tumakuru,Rabi
Karnataka,Udupi,Whole Year
Karnataka,Udupi,Kharif
Karnataka,Udupi,Rabi
Karnataka,Udupi,Summer
Karnataka,Uttara Kannada,Whole Year
Karnataka,Uttara Kannada,Kharif
Karnataka,Uttara Kannada,Rabi
Karnataka,Uttara Kannada,Summer
Karnataka,Vijayapura,Kharif
Karnataka,Vijayapura,Whole Year
Karnataka,Vijayapura,Rabi
Karnataka,Vijayapura,Summer
Karnataka,Yadgir,Kharif
Karnataka,Yadgir,Rabi
Karnataka,Yadgir,Summer
Karnataka,Yadgir,Whole Year
Kerala,Alappuzha,Whole Year
Kerala,Alappuzha,Kharif
Kerala,Alappuzha,Autumn
Kerala,Alappuzha,Summer
Kerala,Alappuzha,Winter
Kerala,Ernakulam,Whole Year
Kerala,Ernakulam,Kharif
Kerala,Ernakulam,Autumn
Kerala,Ernakulam,Summer
Kerala,Ernakulam,Winter
Kerala,Idukki,Whole Year
Kerala,Idukki,Kharif
Kerala,Idukki,Autumn
Kerala,Idukki,Summer
Kerala,Idukki,Winter
Kerala,Kannur,Whole Year
Kerala,Kannur,Kharif
Kerala,Kannur,Autumn
Kerala,Kannur,Summer
Kerala,Kannur,Winter
Kerala,Kasaragod,Whole Year
Kerala,Kasaragod,Kharif
Kerala,Kasaragod,Autumn
Kerala,Kasaragod,Summer
Kerala,Kasaragod,Winter
Kerala,Kollam,Whole Year
Kerala,Kollam,Kharif
Kerala,Kollam,Autumn
Kerala,Kollam,Summer
Kerala,Kollam,Winter
Kerala,Kottayam,Whole Year
Kerala,Kottayam,Kharif
Kerala,Kottayam,Autumn
Kerala,Kottayam,Summer
Kerala,Kottayam,Winter
Kerala,Kozhikode,Whole Year
Kerala,Kozhikode,Kharif
Kerala,Kozhikode,Autumn
Kerala,Kozhikode,Summer
Kerala,Kozhikode,Winter
Kerala,Malappuram,Whole Year
Kerala,Malappuram,Kharif
Kerala,Malappuram,Autumn
Kerala,Malappuram,Summer
Kerala,Malappuram,Winter
Kerala,Palakkad,Whole Year
Kerala,Palakkad,Kharif
Kerala,Palakkad,Autumn
Kerala,Palakkad,Summer
Kerala,Palakkad,Winter
Kerala,Pathanamthitta,Whole Year
Kerala,Pathanamthitta,Kharif
Kerala,Pathanamthitta,Autumn
Kerala,Pathanamthitta,Summer
Kerala,Pathanamthitta,Winter
Kerala,Thiruvananthapuram,Whole Year
Kerala,Thiruvananthapuram,Kharif
Kerala,Thiruvananthapuram,Autumn
Kerala,Thiruvananthapuram,Summer
Kerala,Thiruvananthapuram,Winter
Kerala,Thrissur,Whole Year
Kerala,Thrissur,Kharif
Kerala,Thrissur,Autumn
Kerala,Thrissur,Summer
Kerala,Thrissur,Winter
Kerala,Wayanad,Whole Year
Kerala,Wayanad,Kharif
Kerala,Wayanad,Summer
Kerala,Wayanad,Winter
Ladakh,Kargil,Rabi
Ladakh,Kargil,Kharif
Madhya Pradesh,Agar Malwa,Kharif
Madhya Pradesh,Agar Malwa,Whole Year
Madhya Pradesh,Agar Malwa,Rabi
Madhya Pradesh,Agar Malwa,Summer
Madhya Pradesh,Alirajpur,Kharif
Madhya Pradesh,Alirajpur,Whole Year
Madhya Pradesh,Alirajpur,Rabi
Madhya Pradesh,Alirajpur,Summer
Madhya Pradesh,Anuppur,Kharif
Madhya Pradesh,Anuppur,Whole Year
Madhya Pradesh,Anuppur,Rabi
Madhya Pradesh,Anuppur,Summer
Madhya Pradesh,Ashoknagar,Kharif
Madhya Pradesh,Ashoknagar,Whole Year
Madhya Pradesh,Ashoknagar,Rabi
Madhya Pradesh,Ashoknagar,Summer
Madhya Pradesh,Balaghat,Kharif
Madhya Pradesh,Balaghat,Whole Year
Madhya Pradesh,Balaghat,Rabi
Madhya Pradesh,Balaghat,Summer
Madhya Pradesh,Barwani,Kharif
Madhya Pradesh,Barwani,Whole Year
Madhya Pradesh,Barwani,Rabi
Madhya Pradesh,Barwani,Summer
Madhya Pradesh,Betul,Kharif
Madhya Pradesh,Betul,Whole Year
Madhya Pradesh,Betul,Rabi
Madhya Pradesh,Betul,Summer
Madhya Pradesh,Bhind,Kharif
Madhya Pradesh,Bhind,Whole Year
Madhya Pradesh,Bhind,Rabi
Madhya Pradesh,Bhopal,Kharif
Madhya Pradesh,Bhopal,Whole Year
Madhya Pradesh,Bhopal,Rabi
Madhya Pradesh,Bhopal,Summer
Madhya Pradesh,Burhanpur,Kharif
Madhya Pradesh,Burhanpur,Whole Year
Madhya Pradesh,Burhanpur,Rabi
Madhya Pradesh,Burhanpur,Summer
Madhya Pradesh,Chhatarpur,Kharif
Madhya Pradesh,Chhatarpur,Whole Year
Madhya Pradesh,Chhatarpur,Rabi
Madhya Pradesh,Chhatarpur,Summer
Madhya Pradesh,Chhindwara,Kharif
Madhya Pradesh,Chhindwara,Whole Year
Madhya Pradesh,Chhindwara,Rabi
Madhya Pradesh,Chhindwara,Summer
Madhya Pradesh,Damoh,Kharif
Madhya Pradesh,Damoh,Whole Year
Madhya Pradesh,Damoh,Rabi
Madhya Pradesh,Damoh,Summer
Madhya Pradesh,Datia,Kharif
Madhya Pradesh,Datia,Whole Year
Madhya Pradesh,Datia,Rabi
Madhya Pradesh,Datia,Summer
Madhya Pradesh,Dewas,Kharif
Madhya Pradesh,Dewas,Whole Year
Madhya Pradesh,Dewas,Rabi
Madhya Pradesh,Dewas,Summer
Madhya Pradesh,Dhar,Kharif
Madhya Pradesh,Dhar,Whole Year
Madhya Pradesh,Dhar,Rabi
Madhya Pradesh,Dhar,Summer
Madhya Pradesh,Dindori,Kharif
Madhya Pradesh,Dindori,Whole Year
Madhya Pradesh,Dindori,Rabi
Madhya Pradesh,Dindori,Summer
Madhya Pradesh,Guna,Kharif
Madhya Pradesh,Guna,Whole Year
Madhya Pradesh,Guna,Rabi
Madhya Pradesh,Guna,Summer
Madhya Pradesh,Gwalior,Kharif
Madhya Pradesh,Gwalior,Whole Year
Madhya Pradesh,Gwalior,Rabi
Madhya Pradesh,Gwalior,Summer
Madhya Pradesh,Harda,Kharif
Madhya Pradesh,Harda,Whole Year
Madhya Pradesh,Harda,Rabi
Madhya Pradesh,Harda,Summer
Madhya Pradesh,Indore,Kharif
Madhya Pradesh,Indore,Whole Year
Madhya Pradesh,Indore,Rabi
Madhya Pradesh,Indore,Summer
Madhya Pradesh,Jabalpur,Kharif
Madhya Pradesh,Jabalpur,Whole Year
Madhya Pradesh,Jabalpur,Rabi
Madhya Pradesh,Jabalpur,Summer
Madhya Pradesh,Jhabua,Kharif
Madhya Pradesh,Jhabua,Whole Year
Madhya Pradesh,Jhabua,Rabi
Madhya Pradesh,Jhabua,Summer
Madhya Pradesh,Katni,Kharif
Madhya Pradesh,Katni,Whole Year
Madhya Pradesh,Katni,Rabi
Madhya Pradesh,Katni,Summer
Madhya Pradesh,Khandwa,Kharif
Madhya Pradesh,Khandwa,Whole Year
Madhya Pradesh,Khandwa,Rabi
Madhya Pradesh,Khandwa,Summer
Madhya Pradesh,Khargone,Kharif
Madhya Pradesh,Khargone,Whole Year
Madhya Pradesh,Khargone,Rabi
Madhya Pradesh,Khargone,Summer
Madhya Pradesh,Mandla,Kharif
Madhya Pradesh,Mandla,Whole Year
Madhya Pradesh,Mandla,Rabi
Madhya Pradesh,Mandla,Summer
Madhya Pradesh,Mandsaur,Kharif
Madhya Pradesh,Mandsaur,Whole Year
Madhya Pradesh,Mandsaur,Rabi
Madhya Pradesh,Mandsaur,Summer
Madhya Pradesh,Morena,Kharif
Madhya Pradesh,Morena,Whole Year
Madhya Pradesh,Morena,Rabi
Madhya Pradesh,Morena,Summer
Madhya Pradesh,Narmadapuram,Kharif
Madhya Pradesh,Narmadapuram,Whole Year
Madhya Pradesh,Narmadapuram,Rabi
Madhya Pradesh,Narmadapuram,Summer
Madhya Pradesh,Narsinghpur,Kharif
Madhya Pradesh,Narsinghpur,Whole Year
Madhya Pradesh,Narsinghpur,Rabi
Madhya Pradesh,Narsinghpur,Summer
Madhya Pradesh,Neemuch,Kharif
Madhya Pradesh,Neemuch,Whole Year
Madhya Pradesh,Neemuch,Rabi
Madhya Pradesh,Neemuch,Summer
Madhya Pradesh,Panna,Kharif
Madhya Pradesh,Panna,Whole Year
Madhya Pradesh,Panna,Rabi
Madhya Pradesh,Panna,Summer
Madhya Pradesh,Raisen,Kharif
Madhya Pradesh,Raisen,Whole Year
Madhya Pradesh,Raisen,Rabi
Madhya Pradesh,Raisen,Summer
Madhya Pradesh,Rajgarh,Kharif
Madhya Pradesh,Rajgarh,Whole Year
Madhya Pradesh,Rajgarh,Rabi
Madhya Pradesh,Rajgarh,Summer
Madhya Pradesh,Ratlam,Kharif
Madhya Pradesh,Ratlam,Whole Year
Madhya Pradesh,Ratlam,Rabi
Madhya Pradesh,Ratlam,Summer
Madhya Pradesh,Rewa,Kharif
Madhya Pradesh,Rewa,Whole Year
Madhya Pradesh,Rewa,Rabi
Madhya Pradesh,Rewa,Summer
Madhya Pradesh,Sagar,Kharif
Madhya Pradesh,Sagar,Whole Year
Madhya Pradesh,Sagar,Rabi
Madhya Pradesh,Sagar,Summer
Madhya Pradesh,Satna,Kharif
Madhya Pradesh,Satna,Whole Year
Madhya Pradesh,Satna,Rabi
Madhya Pradesh,Satna,Summer
Madhya Pradesh,Sehore,Kharif
Madhya Pradesh,Sehore,Whole Year
Madhya Pradesh,Sehore,Rabi
Madhya Pradesh,Sehore,Summer
Madhya Pradesh,Seoni,Kharif
Madhya Pradesh,Seoni,Whole Year
Madhya Pradesh,Seoni,Rabi
Madhya Pradesh,Seoni,Summer
Madhya Pradesh,Shahdol,Kharif
Madhya Pradesh,Shahdol,Whole Year
Madhya Pradesh,Shahdol,Rabi
Madhya Pradesh,Shahdol,Summer
Madhya Pradesh,Shajapur,Kharif
Madhya Pradesh,Shajapur,Whole Year
Madhya Pradesh,Shajapur,Rabi
Madhya Pradesh,Shajapur,Summer
Madhya Pradesh,Sheopur,Kharif
Madhya Pradesh,Sheopur,Whole Year
Madhya Pradesh,Sheopur,Rabi
Madhya Pradesh,Shivpuri,Kharif
Madhya Pradesh,Shivpuri,Whole Year
Madhya Pradesh,Shivpuri,Rabi
Madhya Pradesh,Shivpuri,Summer
Madhya Pradesh,Sidhi,Kharif
Madhya Pradesh,Sidhi,Whole Year
Madhya Pradesh,Sidhi,Rabi
Madhya Pradesh,Sidhi,Summer
Madhya Pradesh,Singrauli,Kharif
Madhya Pradesh,Singrauli,Whole Year
Madhya Pradesh,Singrauli,Rabi
Madhya Pradesh,Singrauli,Summer
Madhya Pradesh,Tikamgarh,Kharif
Madhya Pradesh,Tikamgarh,Whole Year
Madhya Pradesh,Tikamgarh,Rabi
Madhya Pradesh,Tikamgarh,Summer
Madhya Pradesh,Ujjain,Kharif
Madhya Pradesh,Ujjain,Whole Year
Madhya Pradesh,Ujjain,Rabi
Madhya Pradesh,Ujjain,Summer
Madhya Pradesh,Umaria,Kharif
Madhya Pradesh,Umaria,Whole Year
Madhya Pradesh,Umaria,Rabi
Madhya Pradesh,Umaria,Summer
Madhya Pradesh,Vidisha,Kharif
Madhya Pradesh,Vidisha,Whole Year
Madhya Pradesh,Vidisha,Rabi
Madhya Pradesh,Vidisha,Summer
Maharashtra,Ahmednagar,Kharif
Maharashtra,Ahmednagar,Whole Year
Maharashtra,Ahmednagar,Rabi
Maharashtra,Ahmednagar,Summer
Maharashtra,Akola,Kharif
Maharashtra,Akola,Whole Year
Maharashtra,Akola,Rabi
Maharashtra,Akola,Summer
Maharashtra,Amravati,Kharif
Maharashtra,Amravati,Whole Year
Maharashtra,Amravati,Rabi
Maharashtra,Amravati,Summer
Maharashtra,Aurangabad,Kharif
Maharashtra,Aurangabad,Whole Year
Maharashtra,Aurangabad,Rabi
Maharashtra,Aurangabad,Summer
Maharashtra,Beed,Kharif
Maharashtra,Beed,Whole Year
Maharashtra,Beed,Rabi
Maharashtra,Beed,Summer
Maharashtra,Bhandara,Kharif
Maharashtra,Bhandara,Whole Year
Maharashtra,Bhandara,Rabi
Maharashtra,Bhandara,Summer
Maharashtra,Buldhana,Kharif
Maharashtra,Buldhana,Whole Year
Maharashtra,Buldhana,Rabi
Maharashtra,Buldhana,Summer
Maharashtra,Chandrapur,Kharif
Maharashtra,Chandrapur,Rabi
Maharashtra,Chandrapur,Summer
Maharashtra,Chandrapur,Whole Year
Maharashtra,Dharashiv,Kharif
Maharashtra,Dharashiv,Whole Year
Maharashtra,Dharashiv,Rabi
Maharashtra,Dharashiv,Summer
Maharashtra,Dhule,Kharif
Maharashtra,Dhule,Whole Year
Maharashtra,Dhule,Rabi
Maharashtra,Dhule,Summer
Maharashtra,Gadchiroli,Kharif
Maharashtra,Gadchiroli,Rabi
Maharashtra,Gadchiroli,Summer
Maharashtra,Gadchiroli,Whole Year
Maharashtra,Gondia,Kharif
Maharashtra,Gondia,Rabi
Maharashtra,Gondia,Summer
Maharashtra,Gondia,Whole Year
Maharashtra,Hingoli,Kharif
Maharashtra,Hingoli,Whole Year
Maharashtra,Hingoli,Rabi
Maharashtra,Hingoli,Summer
Maharashtra,Jalgaon,Kharif
Maharashtra,Jalgaon,Whole Year
Maharashtra,Jalgaon,Rabi
Maharashtra,Jalgaon,Summer
Maharashtra,Jalna,Kharif
Maharashtra,Jalna,Whole Year
Maharashtra,Jalna,Rabi
Maharashtra,Jalna,Summer
Maharashtra,Kolhapur,Kharif
Maharashtra,Kolhapur,Whole Year
Maharashtra,Kolhapur,Rabi
Maharashtra,Kolhapur,Summer
Maharashtra,Latur,Kharif
Maharashtra,Latur,Whole Year
Maharashtra,Latur,Rabi
Maharashtra,Latur,Summer
Maharashtra,Mumbai Suburban,Summer
Maharashtra,Nagpur,Kharif
Maharashtra,Nagpur,Rabi
Maharashtra,Nagpur,Summer
Maharashtra,Nagpur,Whole Year
Maharashtra,Nanded,Kharif
Maharashtra,Nanded,Whole Year
Maharashtra,Nanded,Rabi
Maharashtra,Nanded,Summer
Maharashtra,Nandurbar,Kharif
Maharashtra,Nandurbar,Whole Year
Maharashtra,Nandurbar,Rabi
Maharashtra,Nandurbar,Summer
Maharashtra,Nashik,Kharif
Maharashtra,Nashik,Rabi
Maharashtra,Nashik,Summer
Maharashtra,Nashik,Whole Year
Maharashtra,Palghar,Kharif
Maharashtra,Palghar,Rabi
Maharashtra,Palghar,Summer
Maharashtra,Parbhani,Kharif
Maharashtra,Parbhani,Whole Year
Maharashtra,Parbhani,Rabi
Maharashtra,Parbhani,Summer
Maharashtra,Pune,Kharif
Maharashtra,Pune,Whole Year
Maharashtra,Pune,Rabi
Maharashtra,Pune,Summer
Maharashtra,Raigad,Kharif
Maharashtra,Raigad,Whole Year
Maharashtra,Raigad,Rabi
Maharashtra,Raigad,Summer
Maharashtra,Ratnagiri,Kharif
Maharashtra,Ratnagiri,Whole Year
Maharashtra,Ratnagiri,Rabi
Maharashtra,Ratnagiri,Summer
Maharashtra,Sangli,Kharif
Maharashtra,Sangli,Whole Year
Maharashtra,Sangli,Rabi
Maharashtra,Sangli,Summer
Maharashtra,Satara,Kharif
Maharashtra,Satara,Whole Year
Maharashtra,Satara,Rabi
Maharashtra,Satara,Summer
Maharashtra,Sindhudurg,Kharif
Maharashtra,Sindhudurg,Whole Year
Maharashtra,Sindhudurg,Rabi
Maharashtra,Sindhudurg,Summer
Maharashtra,Solapur,Kharif
Maharashtra,Solapur,Whole Year
Maharashtra,Solapur,Rabi
Maharashtra,Solapur,Summer
Maharashtra,Thane,Kharif
Maharashtra,Thane,Whole Year
Maharashtra,Thane,Rabi
Maharashtra,Thane,Summer
Maharashtra,Wardha,Kharif
Maharashtra,Wardha,Whole Year
Maharashtra,Wardha,Rabi
Maharashtra,Wardha,Summer
Maharashtra,Washim,Kharif
Maharashtra,Washim,Whole Year
Maharashtra,Washim,Rabi
Maharashtra,Washim,Summer
Maharashtra,Yavatmal,Kharif
Maharashtra,Yavatmal,Whole Year
Maharashtra,Yavatmal,Rabi
Maharashtra,Yavatmal,Summer
Manipur,Bishnupur,Kharif
Manipur,Bishnupur,Whole Year
Manipur,Bishnupur,Rabi
Manipur,Bishnupur,Summer
Manipur,Chandel,Kharif
Manipur,Chandel,Summer
Manipur,Chandel,Whole Year
Manipur,Chandel,Rabi
Manipur,Churachandpur,Kharif
Manipur,Churachandpur,Summer
Manipur,Churachandpur,Whole Year
Manipur,Churachandpur,Rabi
Manipur,Imphal East,Kharif
Manipur,Imphal East,Summer
Manipur,Imphal East,Whole Year
Manipur,Imphal East,Rabi
Manipur,Imphal West,Kharif
Manipur,Imphal West,Summer
Manipur,Imphal West,Whole Year
Manipur,Imphal West,Rabi
Manipur,Senapati,Kharif
Manipur,Senapati,Summer
Manipur,Senapati,Whole Year
Manipur,Senapati,Rabi
Manipur,Tamenglong,Kharif
Manipur,Tamenglong,Summer
Manipur,Tamenglong,Whole Year
Manipur,Tamenglong,Rabi
Manipur,Thoubal,Kharif
Manipur,Thoubal,Whole Year
Manipur,Thoubal,Rabi
Manipur,Thoubal,Summer
Manipur,Ukhrul,Kharif
Manipur,Ukhrul,Summer
Manipur,Ukhrul,Whole Year
Manipur,Ukhrul,Rabi
Meghalaya,East Garo Hills,Rabi
Meghalaya,East Garo Hills,Whole Year
Meghalaya,East Garo Hills,Kharif
Meghalaya,East Garo Hills,Summer
Meghalaya,East Garo Hills,Winter
Meghalaya,East Garo Hills,Autumn
Meghalaya,East Jaintia Hills,Rabi
Meghalaya,East Jaintia Hills,Whole Year
Meghalaya,East Jaintia Hills,Kharif
Meghalaya,East Jaintia Hills,Summer
Meghalaya,East Jaintia Hills,Winter
Meghalaya,East Jaintia Hills,Autumn
Meghalaya,East Khasi Hills,Rabi
Meghalaya,East Khasi Hills,Whole Year
Meghalaya,East Khasi Hills,Kharif
Meghalaya,East Khasi Hills,Summer
Meghalaya,East Khasi Hills,Winter
Meghalaya,East Khasi Hills,Autumn
Meghalaya,North Garo Hills,Rabi
Meghalaya,North Garo Hills,Whole Year
Meghalaya,North Garo Hills,Kharif
Meghalaya,North Garo Hills,Summer
Meghalaya,North Garo Hills,Winter
Meghalaya,North Garo Hills,Autumn
Meghalaya,Ri-Bhoi,Rabi
Meghalaya,Ri-Bhoi,Whole Year
Meghalaya,Ri-Bhoi,Kharif
Meghalaya,Ri-Bhoi,Summer
Meghalaya,Ri-Bhoi,Winter
Meghalaya,Ri-Bhoi,Autumn
Meghalaya,South Garo Hills,Rabi
Meghalaya,South Garo Hills,Whole Year
Meghalaya,South Garo Hills,Kharif
Meghalaya,South Garo Hills,Summer
Meghalaya,South Garo Hills,Winter
Meghalaya,South Garo Hills,Autumn
Meghalaya,South West Garo Hills,Rabi
Meghalaya,South West Garo Hills,Whole Year
Meghalaya,South West Garo Hills,Kharif
Meghalaya,South West Garo Hills,Summer
Meghalaya,South West Garo Hills,Winter
Meghalaya,South West Garo Hills,Autumn
Meghalaya,South West Khasi Hills,Rabi
Meghalaya,South West Khasi Hills,Whole Year
Meghalaya,South West Khasi Hills,Kharif
Meghalaya,South West Khasi Hills,Summer
Meghalaya,South West Khasi Hills,Winter
Meghalaya,South West Khasi Hills,Autumn
Meghalaya,West Garo Hills,Rabi
Meghalaya,West Garo Hills,Whole Year
Meghalaya,West Garo Hills,Kharif
Meghalaya,West Garo Hills,Summer
Meghalaya,West Garo Hills,Winter
Meghalaya,West Garo Hills,Autumn
Meghalaya,West Jaintia Hills,Rabi
Meghalaya,West Jaintia Hills,Whole Year
Meghalaya,West Jaintia Hills,Kharif
Meghalaya,West Jaintia Hills,Summer
Meghalaya,West Jaintia Hills,Winter
Meghalaya,West Jaintia Hills,Autumn
Meghalaya,West Khasi Hills,Rabi
Meghalaya,West Khasi Hills,Whole Year
Meghalaya,West Khasi Hills,Kharif
Meghalaya,West Khasi Hills,Summer
Meghalaya,West Khasi Hills,Winter
Meghalaya,West Khasi Hills,Autumn
Mizoram,Aizawl,Kharif
Mizoram,Aizawl,Rabi
Mizoram,Aizawl,Whole Year
Mizoram,Aizawl,Autumn
Mizoram,Champhai,Kharif
Mizoram,Champhai,Rabi
Mizoram,Champhai,Whole Year
Mizoram,Champhai,Autumn
Mizoram,Kolasib,Kharif
Mizoram,Kolasib,Rabi
Mizoram,Kolasib,Whole Year
Mizoram,Kolasib,Autumn
Mizoram,Lawngtlai,Kharif
Mizoram,Lawngtlai,Rabi
Mizoram,Lawngtlai,Autumn
Mizoram,Lawngtlai,Whole Year
Mizoram,Lunglei,Kharif
Mizoram,Lunglei,Rabi
Mizoram,Lunglei,Whole Year
Mizoram,Lunglei,Autumn
Mizoram,Mamit,Kharif
Mizoram,Mamit,Rabi
Mizoram,Mamit,Whole Year
Mizoram,Mamit,Autumn
Mizoram,Serchhip,Kharif
Mizoram,Serchhip,Rabi
Mizoram,Serchhip,Whole Year
Mizoram,Serchhip,Autumn
Mizoram,Siaha,Rabi
Mizoram,Siaha,Kharif
Mizoram,Siaha,Whole Year
Mizoram,Siaha,Autumn
Nagaland,Dimapur,Kharif
Nagaland,Dimapur,Rabi
Nagaland,Dimapur,Whole Year
Nagaland,Kiphire,Kharif
Nagaland,Kiphire,Rabi
Nagaland,Kohima,Kharif
Nagaland,Kohima,Rabi
Nagaland,Kohima,Whole Year
Nagaland,Longleng,Kharif
Nagaland,Longleng,Rabi
Nagaland,Mokokchung,Kharif
Nagaland,Mokokchung,Rabi
Nagaland,Mokokchung,Whole Year
Nagaland,Mon,Kharif
Nagaland,Mon,Rabi
Nagaland,Mon,Whole Year
Nagaland,Peren,Kharif
Nagaland,Peren,Rabi
Nagaland,Phek,Kharif
Nagaland,Phek,Rabi
Nagaland,Phek,Whole Year
Nagaland,Tuensang,Kharif
Nagaland,Tuensang,Rabi
Nagaland,Tuensang,Whole Year
Nagaland,Wokha,Kharif
Nagaland,Wokha,Rabi
Nagaland,Wokha,Whole Year
Nagaland,Zunheboto,Kharif
Nagaland,Zunheboto,Rabi
Nagaland,Zunheboto,Whole Year
Odisha,Angul,Kharif
Odisha,Angul,Rabi
Odisha,Angul,Whole Year
Odisha,Angul,Autumn
Odisha,Angul,Summer
Odisha,Angul,Winter
Odisha,Balangir,Kharif
Odisha,Balangir,Rabi
Odisha,Balangir,Whole Year
Odisha,Balangir,Autumn
Odisha,Balangir,Summer
Odisha,Balangir,Winter
Odisha,Balasore,Kharif
Odisha,Balasore,Rabi
Odisha,Balasore,Whole Year
Odisha,Balasore,Autumn
Odisha,Balasore,Summer
Odisha,Balasore,Winter
Odisha,Bargarh,Kharif
Odisha,Bargarh,Rabi
Odisha,Bargarh,Whole Year
Odisha,Bargarh,Autumn
Odisha,Bargarh,Summer
Odisha,Bargarh,Winter
Odisha,Bhadrak,Kharif
Odisha,Bhadrak,Rabi
Odisha,Bhadrak,Whole Year
Odisha,Bhadrak,Summer
Odisha,Bhadrak,Winter
Odisha,Bhadrak,Autumn
Odisha,Boudh,Kharif
Odisha,Boudh,Rabi
Odisha,Boudh,Whole Year
Odisha,Boudh,Autumn
Odisha,Boudh,Summer
Odisha,Boudh,Winter
Odisha,Cuttack,Kharif
Odisha,Cuttack,Rabi
Odisha,Cuttack,Whole Year
Odisha,Cuttack,Autumn
Odisha,Cuttack,Summer
Odisha,Cuttack,Winter
Odisha,Debagarh,Kharif
Odisha,Debagarh,Rabi
Odisha,Debagarh,Whole Year
Odisha,Debagarh,Autumn
Odisha,Debagarh,Summer
Odisha,Debagarh,Winter
Odisha,Dhenkanal,Kharif
Odisha,Dhenkanal,Rabi
Odisha,Dhenkanal,Whole Year
Odisha,Dhenkanal,Autumn
Odisha,Dhenkanal,Summer
Odisha,Dhenkanal,Winter
Odisha,Gajapati,Kharif
Odisha,Gajapati,Rabi
Odisha,Gajapati,Whole Year
Odisha,Gajapati,Autumn
Odisha,Gajapati,Summer
Odisha,Gajapati,Winter
Odisha,Ganjam,Kharif
Odisha,Ganjam,Rabi
Odisha,Ganjam,Whole Year
Odisha,Ganjam,Autumn
Odisha,Ganjam,Summer
Odisha,Ganjam,Winter
Odisha,Jagatsinghpur,Kharif
Odisha,Jagatsinghpur,Rabi
Odisha,Jagatsinghpur,Whole Year
Odisha,Jagatsinghpur,Summer
Odisha,Jagatsinghpur,Winter
Odisha,Jagatsinghpur,Autumn
Odisha,Jajpur,Kharif
Odisha,Jajpur,Rabi
Odisha,Jajpur,Whole Year
Odisha,Jajpur,Autumn
Odisha,Jajpur,Summer
Odisha,Jajpur,Winter
Odisha,Jharsuguda,Kharif
Odisha,Jharsuguda,Rabi
Odisha,Jharsuguda,Whole Year
Odisha,Jharsuguda,Autumn
Odisha,Jharsuguda,Summer
Odisha,Jharsuguda,Winter
Odisha,Kalahandi,Kharif
Odisha,Kalahandi,Rabi
Odisha,Kalahandi,Whole Year
Odisha,Kalahandi,Autumn
Odisha,Kalahandi,Summer
Odisha,Kalahandi,Winter
Odisha,Kandhamal,Kharif
Odisha,Kandhamal,Whole Year
Odisha,Kandhamal,Rabi
Odisha,Kandhamal,Autumn
Odisha,Kandhamal,Winter
Odisha,Kandhamal,Summer
Odisha,Kendrapara,Kharif
Odisha,Kendrapara,Rabi
Odisha,Kendrapara,Whole Year
Odisha,Kendrapara,Summer
Odisha,Kendrapara,Winter
Odisha,Kendrapara,Autumn
Odisha,Keonjhar,Kharif
Odisha,Keonjhar,Rabi
Odisha,Keonjhar,Whole Year
Odisha,Keonjhar,Autumn
Odisha,Keonjhar,Summer
Odisha,Keonjhar,Winter
Odisha,Khordha,Kharif
Odisha,Khordha,Rabi
Odisha,Khordha,Whole Year
Odisha,Khordha,Summer
Odisha,Khordha,Winter
Odisha,Khordha,Autumn
Odisha,Koraput,Kharif
Odisha,Koraput,Rabi
Odisha,Koraput,Whole Year
Odisha,Koraput,Autumn
Odisha,Koraput,Summer
Odisha,Koraput,Winter
Odisha,Malkangiri,Kharif
Odisha,Malkangiri,Rabi
Odisha,Malkangiri,Whole Year
Odisha,Malkangiri,Autumn
Odisha,Malkangiri,Summer
Odisha,Malkangiri,Winter
Odisha,Mayurbhanj,Kharif
Odisha,Mayurbhanj,Rabi
Odisha,Mayurbhanj,Whole Year
Odisha,Mayurbhanj,Autumn
Odisha,Mayurbhanj,Summer
Odisha,Mayurbhanj,Winter
Odisha,Nabarangpur,Kharif
Odisha,Nabarangpur,Rabi
Odisha,Nabarangpur,Whole Year
Odisha,Nabarangpur,Autumn
Odisha,Nabarangpur,Summer
Odisha,Nabarangpur,Winter
Odisha,Nayagarh,Kharif
Odisha,Nayagarh,Rabi
Odisha,Nayagarh,Whole Year
Odisha,Nayagarh,Autumn
Odisha,Nayagarh,Summer
Odisha,Nayagarh,Winter
Odisha,Nuapada,Kharif
Odisha,Nuapada,Rabi
Odisha,Nuapada,Whole Year
Odisha,Nuapada,Autumn
Odisha,Nuapada,Summer
Odisha,Nuapada,Winter
Odisha,Puri,Kharif
Odisha,Puri,Whole Year
Odisha,Puri,Rabi
Odisha,Puri,Summer
Odisha,Puri,Winter
Odisha,Puri,Autumn
Odisha,Rayagada,Kharif
Odisha,Rayagada,Rabi
Odisha,Rayagada,Whole Year
Odisha,Rayagada,Autumn
Odisha,Rayagada,Summer
Odisha,Rayagada,Winter
Odisha,Sambalpur,Kharif
Odisha,Sambalpur,Rabi
Odisha,Sambalpur,Whole Year
Odisha,Sambalpur,Autumn
Odisha,Sambalpur,Summer
Odisha,Sambalpur,Winter
Odisha,Subarnapur,Kharif
Odisha,Subarnapur,Rabi
Odisha,Subarnapur,Whole Year
Odisha,Subarnapur,Autumn
Odisha,Subarnapur,Summer
Odisha,Subarnapur,Winter
Odisha,Sundargarh,Kharif
Odisha,Sundargarh,Rabi
Odisha,Sundargarh,Whole Year
Odisha,Sundargarh,Autumn
Odisha,Sundargarh,Summer
Odisha,Sundargarh,Winter
Puducherry,Karaikal,Kharif
Puducherry,Karaikal,Whole Year
Puducherry,Karaikal,Summer
Puducherry,Karaikal,Rabi
Puducherry,Karaikal,Autumn
Puducherry,Karaikal,Winter
Puducherry,Mahe,Kharif
Puducherry,Mahe,Whole Year
Puducherry,Mahe,Rabi
Puducherry,Puducherry,Kharif
Puducherry,Puducherry,Summer
Puducherry,Puducherry,Whole Year
Puducherry,Puducherry,Rabi
Puducherry,Puducherry,Autumn
Puducherry,Puducherry,Winter
Puducherry,Yanam,Whole Year
Puducherry,Yanam,Rabi
Puducherry,Yanam,Kharif
Puducherry,Yanam,Summer
Puducherry,Yanam,Autumn
Puducherry,Yanam,Winter
Punjab,Amritsar,Kharif
Punjab,Amritsar,Rabi
Punjab,Amritsar,Whole Year
Punjab,Barnala,Kharif
Punjab,Barnala,Rabi
Punjab,Barnala,Whole Year
Punjab,Bathinda,Kharif
Punjab,Bathinda,Rabi
Punjab,Bathinda,Whole Year
Punjab,Faridkot,Kharif
Punjab,Faridkot,Rabi
Punjab,Faridkot,Whole Year
Punjab,Fatehgarh Sahib,Kharif
Punjab,Fatehgarh Sahib,Rabi
Punjab,Fatehgarh Sahib,Whole Year
Punjab,Fazilka,Kharif
Punjab,Fazilka,Rabi
Punjab,Fazilka,Whole Year
Punjab,Ferozepur,Kharif
Punjab,Ferozepur,Rabi
Punjab,Ferozepur,Whole Year
Punjab,Gurdaspur,Kharif
Punjab,Gurdaspur,Rabi
Punjab,Gurdaspur,Whole Year
Punjab,Hoshiarpur,Kharif
Punjab,Hoshiarpur,Rabi
Punjab,Hoshiarpur,Whole Year
Punjab,Jalandhar,Kharif
Punjab,Jalandhar,Rabi
Punjab,Jalandhar,Whole Year
Punjab,Kapurthala,Kharif
Punjab,Kapurthala,Rabi
Punjab,Kapurthala,Whole Year
Punjab,Ludhiana,Kharif
Punjab,Ludhiana,Rabi
Punjab,Ludhiana,Whole Year
Punjab,Mansa,Kharif
Punjab,Mansa,Rabi
Punjab,Mansa,Whole Year
Punjab,Moga,Kharif
Punjab,Moga,Rabi
Punjab,Moga,Whole Year
Punjab,Pathankot,Rabi
Punjab,Pathankot,Kharif
Punjab,Pathankot,Whole Year
Punjab,Patiala,Kharif
Punjab,Patiala,Rabi
Punjab,Patiala,Whole Year
Punjab,Rupnagar,Kharif
Punjab,Rupnagar,Rabi
Punjab,Rupnagar,Whole Year
Punjab,Sangrur,Kharif
Punjab,Sangrur,Rabi
Punjab,Sangrur,Whole Year
Punjab,Shaheed Bhagat Singh Nagar,Kharif
Punjab,Shaheed Bhagat Singh Nagar,Rabi
Punjab,Shaheed Bhagat Singh Nagar,Whole Year
Punjab,Sri Muktsar Sahib,Kharif
Punjab,Sri Muktsar Sahib,Rabi
Punjab,Sri Muktsar Sahib,Whole Year
Punjab,Tarn Taran,Kharif
Punjab,Tarn Taran,Rabi
Punjab,Tarn Taran,Whole Year
Rajasthan,Ajmer,Kharif
Rajasthan,Ajmer,Rabi
Rajasthan,Ajmer,Whole Year
Rajasthan,Alwar,Kharif
Rajasthan,Alwar,Rabi
Rajasthan,Alwar,Whole Year
Rajasthan,Banswara,Kharif
Rajasthan,Banswara,Rabi
Rajasthan,Banswara,Whole Year
Rajasthan,Baran,Kharif
Rajasthan,Baran,Rabi
Rajasthan,Baran,Whole Year
Rajasthan,Barmer,Kharif
Rajasthan,Barmer,Rabi
Rajasthan,Barmer,Whole Year
Rajasthan,Bharatpur,Kharif
Rajasthan,Bharatpur,Rabi
Rajasthan,Bharatpur,Whole Year
Rajasthan,Bhilwara,Kharif
Rajasthan,Bhilwara,Rabi
Rajasthan,Bhilwara,Whole Year
Rajasthan,Bikaner,Kharif
Rajasthan,Bikaner,Rabi
Rajasthan,Bikaner,Whole Year
Rajasthan,Bundi,Kharif
Rajasthan,Bundi,Rabi
Rajasthan,Bundi,Whole Year
Rajasthan,Chittorgarh,Kharif
Rajasthan,Chittorgarh,Whole Year
Rajasthan,Chittorgarh,Rabi
Rajasthan,Churu,Kharif
Rajasthan,Churu,Rabi
Rajasthan,Churu,Whole Year
Rajasthan,Dausa,Kharif
Rajasthan,Dausa,Rabi
Rajasthan,Dausa,Whole Year
Rajasthan,Dholpur,Kharif
Rajasthan,Dholpur,Rabi
Rajasthan,Dholpur,Whole Year
Rajasthan,Dungarpur,Kharif
Rajasthan,Dungarpur,Whole Year
Rajasthan,Dungarpur,Rabi
Rajasthan,Hanumangarh,Kharif
Rajasthan,Hanumangarh,Rabi
Rajasthan,Hanumangarh,Whole Year
Rajasthan,Jaipur,Kharif
Rajasthan,Jaipur,Rabi
Rajasthan,Jaipur,Whole Year
Rajasthan,Jaisalmer,Kharif
Rajasthan,Jaisalmer,Rabi
Rajasthan,Jaisalmer,Whole Year
Rajasthan,Jalore,Kharif
Rajasthan,Jalore,Rabi
Rajasthan,Jalore,Whole Year
Rajasthan,Jhalawar,Kharif
Rajasthan,Jhalawar,Rabi
Rajasthan,Jhalawar,Whole Year
Rajasthan,Jhunjhunu,Kharif
Rajasthan,Jhunjhunu,Rabi
Rajasthan,Jhunjhunu,Whole Year
Rajasthan,Jodhpur,Kharif
Rajasthan,Jodhpur,Rabi
Rajasthan,Jodhpur,Whole Year
Rajasthan,Karauli,Kharif
Rajasthan,Karauli,Rabi
Rajasthan,Karauli,Whole Year
Rajasthan,Kota,Kharif
Rajasthan,Kota,Rabi
Rajasthan,Kota,Whole Year
Rajasthan,Nagaur,Kharif
Rajasthan,Nagaur,Rabi
Rajasthan,Nagaur,Whole Year
Rajasthan,Pali,Kharif
Rajasthan,Pali,Rabi
Rajasthan,Pali,Whole Year
Rajasthan,Pratapgarh,Kharif
Rajasthan,Pratapgarh,Rabi
Rajasthan,Pratapgarh,Whole Year
Rajasthan,Rajsamand,Kharif
Rajasthan,Rajsamand,Rabi
Rajasthan,Rajsamand,Whole Year
Rajasthan,Sawai Madhopur,Kharif
Rajasthan,Sawai Madhopur,Rabi
Rajasthan,Sawai Madhopur,Whole Year
Rajasthan,Sikar,Kharif
Rajasthan,Sikar,Rabi
Rajasthan,Sikar,Whole Year
Rajasthan,Sirohi,Kharif
Rajasthan,Sirohi,Rabi
Rajasthan,Sirohi,Whole Year
Rajasthan,Sri Ganganagar,Kharif
Rajasthan,Sri Ganganagar,Rabi
Rajasthan,Sri Ganganagar,Whole Year
Rajasthan,Tonk,Kharif
Rajasthan,Tonk,Rabi
Rajasthan,Tonk,Whole Year
Rajasthan,Udaipur,Kharif
Rajasthan,Udaipur,Rabi
Rajasthan,Udaipur,Whole Year
Sikkim,East Sikkim,Rabi
Sikkim,East Sikkim,Kharif
Sikkim,East Sikkim,Whole Year
Sikkim,North Sikkim,Rabi
Sikkim,North Sikkim,Kharif
Sikkim,North Sikkim,Whole Year
Sikkim,South Sikkim,Rabi
Sikkim,South Sikkim,Kharif
Sikkim,South Sikkim,Whole Year
Sikkim,West Sikkim,Rabi
Sikkim,West Sikkim,Kharif
Sikkim,West Sikkim,Whole Year
Tamil Nadu,Ariyalur,Kharif
Tamil Nadu,Ariyalur,Whole Year
Tamil Nadu,Ariyalur,Rabi
Tamil Nadu,Ariyalur,Autumn
Tamil Nadu,Ariyalur,Summer
Tamil Nadu,Ariyalur,Winter
Tamil Nadu,Coimbatore,Whole Year
Tamil Nadu,Coimbatore,Kharif
Tamil Nadu,Coimbatore,Rabi
Tamil Nadu,Coimbatore,Autumn
Tamil Nadu,Coimbatore,Summer
Tamil Nadu,Coimbatore,Winter
Tamil Nadu,Cuddalore,Kharif
Tamil Nadu,Cuddalore,Whole Year
Tamil Nadu,Cuddalore,Rabi
Tamil Nadu,Cuddalore,Autumn
Tamil Nadu,Cuddalore,Summer
Tamil Nadu,Cuddalore,Winter
Tamil Nadu,Dharmapuri,Whole Year
Tamil Nadu,Dharmapuri,Kharif
Tamil Nadu,Dharmapuri,Rabi
Tamil Nadu,Dharmapuri,Autumn
Tamil Nadu,Dharmapuri,Summer
Tamil Nadu,Dharmapuri,Winter
Tamil Nadu,Dindigul,Whole Year
Tamil Nadu,Dindigul,Kharif
Tamil Nadu,Dindigul,Rabi
Tamil Nadu,Dindigul,Autumn
Tamil Nadu,Dindigul,Summer
Tamil Nadu,Dindigul,Winter
Tamil Nadu,Erode,Whole Year
Tamil Nadu,Erode,Kharif
Tamil Nadu,Erode,Rabi
Tamil Nadu,Erode,Autumn
Tamil Nadu,Erode,Summer
Tamil Nadu,Erode,Winter
Tamil Nadu,Kanchipuram,Kharif
Tamil Nadu,Kanchipuram,Whole Year
Tamil Nadu,Kanchipuram,Rabi
Tamil Nadu,Kanchipuram,Autumn
Tamil Nadu,Kanchipuram,Summer
Tamil Nadu,Kanchipuram,Winter
Tamil Nadu,Kanniyakumari,Whole Year
Tamil Nadu,Kanniyakumari,Kharif
Tamil Nadu,Kanniyakumari,Rabi
Tamil Nadu,Kanniyakumari,Autumn
Tamil Nadu,Kanniyakumari,Summer
Tamil Nadu,Kanniyakumari,Winter
Tamil Nadu,Karur,Kharif
Tamil Nadu,Karur,Whole Year
Tamil Nadu,Karur,Rabi
Tamil Nadu,Karur,Summer
Tamil Nadu,Karur,Winter
Tamil Nadu,Krishnagiri,Whole Year
Tamil Nadu,Krishnagiri,Kharif
Tamil Nadu,Krishnagiri,Rabi
Tamil Nadu,Krishnagiri,Autumn
Tamil Nadu,Krishnagiri,Summer
Tamil Nadu,Krishnagiri,Winter
Tamil Nadu,Madurai,Kharif
Tamil Nadu,Madurai,Whole Year
Tamil Nadu,Madurai,Rabi
Tamil Nadu,Madurai,Autumn
Tamil Nadu,Madurai,Summer
Tamil Nadu,Madurai,Winter
Tamil Nadu,Nagapattinam,Kharif
Tamil Nadu,Nagapattinam,Rabi
Tamil Nadu,Nagapattinam,Whole Year
Tamil Nadu,Nagapattinam,Autumn
Tamil Nadu,Nagapattinam,Summer
Tamil Nadu,Nagapattinam,Winter
Tamil Nadu,Namakkal,Whole Year
Tamil Nadu,Namakkal,Kharif
Tamil Nadu,Namakkal,Rabi
Tamil Nadu,Namakkal,Autumn
Tamil Nadu,Namakkal,Summer
Tamil Nadu,Namakkal,Winter
Tamil Nadu,Nilgiris,Whole Year
Tamil Nadu,Nilgiris,Kharif
Tamil Nadu,Nilgiris,Rabi
Tamil Nadu,Nilgiris,Autumn
Tamil Nadu,Perambalur,Whole Year
Tamil Nadu,Perambalur,Kharif
Tamil Nadu,Perambalur,Rabi
Tamil Nadu,Perambalur,Autumn
Tamil Nadu,Perambalur,Summer
Tamil Nadu,Perambalur,Winter
Tamil Nadu,Pudukkottai,Whole Year
Tamil Nadu,Pudukkottai,Kharif
Tamil Nadu,Pudukkottai,Rabi
Tamil Nadu,Pudukkottai,Autumn
Tamil Nadu,Pudukkottai,Summer
Tamil Nadu,Pudukkottai,Winter
Tamil Nadu,Ramanathapuram,Kharif
Tamil Nadu,Ramanathapuram,Whole Year
Tamil Nadu,Ramanathapuram,Rabi
Tamil Nadu,Ramanathapuram,Winter
Tamil Nadu,Salem,Whole Year
Tamil Nadu,Salem,Kharif
Tamil Nadu,Salem,Rabi
Tamil Nadu,Salem,Autumn
Tamil Nadu,Salem,Summer
Tamil Nadu,Salem,Winter
Tamil Nadu,Sivaganga,Kharif
Tamil Nadu,Sivaganga,Whole Year
Tamil Nadu,Sivaganga,Rabi
Tamil Nadu,Sivaganga,Autumn
Tamil Nadu,Sivaganga,Summer
Tamil Nadu,Sivaganga,Winter
Tamil Nadu,Thanjavur,Whole Year
Tamil Nadu,Thanjavur,Kharif
Tamil Nadu,Thanjavur,Rabi
Tamil Nadu,Thanjavur,Autumn
Tamil Nadu,Thanjavur,Summer
Tamil Nadu,Thanjavur,Winter
Tamil Nadu,Theni,Whole Year
Tamil Nadu,Theni,Kharif
Tamil Nadu,Theni,Rabi
Tamil Nadu,Theni,Autumn
Tamil Nadu,Theni,Summer
Tamil Nadu,Theni,Winter
Tamil Nadu,Thoothukudi,Kharif
Tamil Nadu,Thoothukudi,Whole Year
Tamil Nadu,Thoothukudi,Rabi
Tamil Nadu,Thoothukudi,Autumn
Tamil Nadu,Thoothukudi,Summer
Tamil Nadu,Thoothukudi,Winter
Tamil Nadu,Tiruchirappalli,Whole Year
Tamil Nadu,Tiruchirappalli,Kharif
Tamil Nadu,Tiruchirappalli,Rabi
Tamil Nadu,Tiruchirappalli,Autumn
Tamil Nadu,Tiruchirappalli,Summer
Tamil Nadu,Tiruchirappalli,Winter
Tamil Nadu,Tirunelveli,Whole Year
Tamil Nadu,Tirunelveli,Kharif
Tamil Nadu,Tirunelveli,Rabi
Tamil Nadu,Tirunelveli,Autumn
Tamil Nadu,Tirunelveli,Summer
Tamil Nadu,Tirunelveli,Winter
Tamil Nadu,Tiruppur,Whole Year
Tamil Nadu,Tiruppur,Kharif
Tamil Nadu,Tiruppur,Rabi
Tamil Nadu,Tiruppur,Summer
Tamil Nadu,Tiruppur,Winter
Tamil Nadu,Tiruvallur,Kharif
Tamil Nadu,Tiruvallur,Whole Year
Tamil Nadu,Tiruvallur,Rabi
Tamil Nadu,Tiruvallur,Autumn
Tamil Nadu,Tiruvallur,Summer
Tamil Nadu,Tiruvallur,Winter
Tamil Nadu,Tiruvannamalai,Whole Year
Tamil Nadu,Tiruvannamalai,Kharif
Tamil Nadu,Tiruvannamalai,Rabi
Tamil Nadu,Tiruvannamalai,Autumn
Tamil Nadu,Tiruvannamalai,Summer
Tamil Nadu,Tiruvannamalai,Winter
Tamil Nadu,Tiruvarur,Whole Year
Tamil Nadu,Tiruvarur,Kharif
Tamil Nadu,Tiruvarur,Rabi
Tamil Nadu,Tiruvarur,Autumn
Tamil Nadu,Tiruvarur,Summer
Tamil Nadu,Tiruvarur,Winter
Tamil Nadu,Vellore,Whole Year
Tamil Nadu,Vellore,Kharif
Tamil Nadu,Vellore,Rabi
Tamil Nadu,Vellore,Autumn
Tamil Nadu,Vellore,Summer
Tamil Nadu,Vellore,Winter
Tamil Nadu,Viluppuram,Whole Year
Tamil Nadu,Viluppuram,Kharif
Tamil Nadu,Viluppuram,Rabi
Tamil Nadu,Viluppuram,Autumn
Tamil Nadu,Viluppuram,Summer
Tamil Nadu,Viluppuram,Winter
Tamil Nadu,Virudhunagar,Kharif
Tamil Nadu,Virudhunagar,Whole Year
Tamil Nadu,Virudhunagar,Rabi
Tamil Nadu,Virudhunagar,Autumn
Tamil Nadu,Virudhunagar,Summer
Tamil Nadu,Virudhunagar,Winter
Telangana,Adilabad,Kharif
Telangana,Adilabad,Rabi
Telangana,Adilabad,Whole Year
Telangana,Bhadradri Kothagudem,Kharif
Telangana,Bhadradri Kothagudem,Rabi
Telangana,Hanamkonda,Kharif
Telangana,Hanamkonda,Rabi
Telangana,Jagtial,Kharif
Telangana,Jagtial,Rabi
Telangana,Jangaon,Kharif
Telangana,Jangaon,Rabi
Telangana,Jayashankar Bhupalpally,Kharif
Telangana,Jayashankar Bhupalpally,Rabi
Telangana,Jogulamba Gadwal,Kharif
Telangana,Jogulamba Gadwal,Rabi
Telangana,Kamareddy,Kharif
Telangana,Kamareddy,Rabi
Telangana,Karimnagar,Kharif
Telangana,Karimnagar,Rabi
Telangana,Karimnagar,Whole Year
Telangana,Khammam,Kharif
Telangana,Khammam,Rabi
Telangana,Khammam,Whole Year
Telangana,Komaram Bheem Asifabad,Kharif
Telangana,Komaram Bheem Asifabad,Rabi
Telangana,Mahabubabad,Kharif
Telangana,Mahabubabad,Rabi
Telangana,Mahabubnagar,Kharif
Telangana,Mahabubnagar,Rabi
Telangana,Mahabubnagar,Whole Year
Telangana,Mancherial,Kharif
Telangana,Mancherial,Rabi
Telangana,Medak,Kharif
Telangana,Medak,Rabi
Telangana,Medak,Whole Year
Telangana,Mulugu,Kharif
Telangana,Mulugu,Rabi
Telangana,Nagarkurnool,Kharif
Telangana,Nagarkurnool,Rabi
Telangana,Nalgonda,Kharif
Telangana,Nalgonda,Rabi
Telangana,Nalgonda,Whole Year
Telangana,Narayanapet,Kharif
Telangana,Narayanapet,Rabi
Telangana,Nirmal,Kharif
Telangana,Nirmal,Rabi
Telangana,Nizamabad,Kharif
Telangana,Nizamabad,Rabi
Telangana,Nizamabad,Whole Year
Telangana,Peddapalli,Kharif
Telangana,Peddapalli,Rabi
Telangana,Rajanna Sircilla,Kharif
Telangana,Rajanna Sircilla,Rabi
Telangana,Ranga Reddy,Kharif
Telangana,Ranga Reddy,Rabi
Telangana,Ranga Reddy,Whole Year
Telangana,Sangareddy,Kharif
Telangana,Sangareddy,Rabi
Telangana,Siddipet,Kharif
Telangana,Siddipet,Rabi
Telangana,Suryapet,Kharif
Telangana,Suryapet,Rabi
Telangana,Vikarabad,Kharif
Telangana,Vikarabad,Rabi
Telangana,Wanaparthy,Kharif
Telangana,Wanaparthy,Rabi
Telangana,Warangal,Kharif
Telangana,Warangal,Rabi
Telangana,Warangal,Whole Year
Telangana,Yadadri Bhuvanagiri,Kharif
Telangana,Yadadri Bhuvanagiri,Rabi
Tripura,Dhalai,Kharif
Tripura,Dhalai,Rabi
Tripura,Dhalai,Whole Year
Tripura,Dhalai,Autumn
Tripura,Dhalai,Summer
Tripura,Dhalai,Winter
Tripura,Gomati,Kharif
Tripura,Gomati,Rabi
Tripura,Gomati,Autumn
Tripura,Gomati,Summer
Tripura,Gomati,Winter
Tripura,Gomati,Whole Year
Tripura,Khowai,Kharif
Tripura,Khowai,Rabi
Tripura,Khowai,Autumn
Tripura,Khowai,Summer
Tripura,Khowai,Winter
Tripura,Khowai,Whole Year
Tripura,North Tripura,Kharif
Tripura,North Tripura,Rabi
Tripura,North Tripura,Whole Year
Tripura,North Tripura,Autumn
Tripura,North Tripura,Summer
Tripura,North Tripura,Winter
Tripura,Sepahijala,Kharif
Tripura,Sepahijala,Rabi
Tripura,Sepahijala,Autumn
Tripura,Sepahijala,Summer
Tripura,Sepahijala,Winter
Tripura,Sepahijala,Whole Year
Tripura,South Tripura,Kharif
Tripura,South Tripura,Rabi
Tripura,South Tripura,Whole Year
Tripura,South Tripura,Autumn
Tripura,South Tripura,Summer
Tripura,South Tripura,Winter
Tripura,Unakoti,Kharif
Tripura,Unakoti,Rabi
Tripura,Unakoti,Autumn
Tripura,Unakoti,Summer
Tripura,Unakoti,Winter
Tripura,Unakoti,Whole Year
Tripura,West Tripura,Kharif
Tripura,West Tripura,Rabi
Tripura,West Tripura,Whole Year
Tripura,West Tripura,Autumn
Tripura,West Tripura,Summer
Tripura,West Tripura,Winter
Uttar Pradesh,Agra,Kharif
Uttar Pradesh,Agra,Summer
Uttar Pradesh,Agra,Rabi
Uttar Pradesh,Agra,Whole Year
Uttar Pradesh,Aligarh,Kharif
Uttar Pradesh,Aligarh,Summer
Uttar Pradesh,Aligarh,Rabi
Uttar Pradesh,Aligarh,Whole Year
Uttar Pradesh,Ambedkar Nagar,Kharif
Uttar Pradesh,Ambedkar Nagar,Summer
Uttar Pradesh,Ambedkar Nagar,Rabi
Uttar Pradesh,Ambedkar Nagar,Whole Year
Uttar Pradesh,Amethi,Kharif
Uttar Pradesh,Amethi,Rabi
Uttar Pradesh,Amethi,Summer
Uttar Pradesh,Amroha,Kharif
Uttar Pradesh,Amroha,Summer
Uttar Pradesh,Amroha,Rabi
Uttar Pradesh,Amroha,Whole Year
Uttar Pradesh,Auraiya,Kharif
Uttar Pradesh,Auraiya,Summer
Uttar Pradesh,Auraiya,Rabi
Uttar Pradesh,Auraiya,Whole Year
Uttar Pradesh,Ayodhya,Kharif
Uttar Pradesh,Ayodhya,Summer
Uttar Pradesh,Ayodhya,Rabi
Uttar Pradesh,Ayodhya,Whole Year
Uttar Pradesh,Azamgarh,Kharif
Uttar Pradesh,Azamgarh,Summer
Uttar Pradesh,Azamgarh,Whole Year
Uttar Pradesh,Azamgarh,Rabi
Uttar Pradesh,Baghpat,Kharif
Uttar Pradesh,Baghpat,Summer
Uttar Pradesh,Baghpat,Rabi
Uttar Pradesh,Baghpat,Whole Year
Uttar Pradesh,Bahraich,Kharif
Uttar Pradesh,Bahraich,Summer
Uttar Pradesh,Bahraich,Whole Year
Uttar Pradesh,Bahraich,Rabi
Uttar Pradesh,Ballia,Kharif
Uttar Pradesh,Ballia,Summer
Uttar Pradesh,Ballia,Rabi
Uttar Pradesh,Ballia,Whole Year
Uttar Pradesh,Balrampur,Kharif
Uttar Pradesh,Balrampur,Summer
Uttar Pradesh,Balrampur,Rabi
Uttar Pradesh,Balrampur,Whole Year
Uttar Pradesh,Banda,Kharif
Uttar Pradesh,Banda,Summer
Uttar Pradesh,Banda,Rabi
Uttar Pradesh,Banda,Whole Year
Uttar Pradesh,Barabanki,Kharif
Uttar Pradesh,Barabanki,Summer
Uttar Pradesh,Barabanki,Rabi
Uttar Pradesh,Barabanki,Whole Year
Uttar Pradesh,Bareilly,Kharif
Uttar Pradesh,Bareilly,Summer
Uttar Pradesh,Bareilly,Rabi
Uttar Pradesh,Bareilly,Whole Year
Uttar Pradesh,Basti,Kharif
Uttar Pradesh,Basti,Summer
Uttar Pradesh,Basti,Whole Year
Uttar Pradesh,Basti,Rabi
Uttar Pradesh,Bijnor,Kharif
Uttar Pradesh,Bijnor,Rabi
Uttar Pradesh,Bijnor,Whole Year
Uttar Pradesh,Bijnor,Summer
Uttar Pradesh,Budaun,Kharif
Uttar Pradesh,Budaun,Summer
Uttar Pradesh,Budaun,Rabi
Uttar Pradesh,Budaun,Whole Year
Uttar Pradesh,Bulandshahr,Kharif
Uttar Pradesh,Bulandshahr,Summer
Uttar Pradesh,Bulandshahr,Rabi
Uttar Pradesh,Bulandshahr,Whole Year
Uttar Pradesh,Chandauli,Kharif
Uttar Pradesh,Chandauli,Rabi
Uttar Pradesh,Chandauli,Whole Year
Uttar Pradesh,Chandauli,Summer
Uttar Pradesh,Chitrakoot,Kharif
Uttar Pradesh,Chitrakoot,Summer
Uttar Pradesh,Chitrakoot,Rabi
Uttar Pradesh,Chitrakoot,Whole Year
Uttar Pradesh,Deoria,Kharif
Uttar Pradesh,Deoria,Summer
Uttar Pradesh,Deoria,Rabi
Uttar Pradesh,Deoria,Whole Year
Uttar Pradesh,Etah,Kharif
Uttar Pradesh,Etah,Summer
Uttar Pradesh,Etah,Whole Year
Uttar Pradesh,Etah,Rabi
Uttar Pradesh,Etawah,Kharif
Uttar Pradesh,Etawah,Summer
Uttar Pradesh,Etawah,Rabi
Uttar Pradesh,Etawah,Whole Year
Uttar Pradesh,Farrukhabad,Kharif
Uttar Pradesh,Farrukhabad,Summer
Uttar Pradesh,Farrukhabad,Whole Year
Uttar Pradesh,Farrukhabad,Rabi
Uttar Pradesh,Fatehpur,Kharif
Uttar Pradesh,Fatehpur,Summer
Uttar Pradesh,Fatehpur,Whole Year
Uttar Pradesh,Fatehpur,Rabi
Uttar Pradesh,Firozabad,Kharif
Uttar Pradesh,Firozabad,Summer
Uttar Pradesh,Firozabad,Rabi
Uttar Pradesh,Firozabad,Whole Year
Uttar Pradesh,Gautam Buddha Nagar,Kharif
Uttar Pradesh,Gautam Buddha Nagar,Rabi
Uttar Pradesh,Gautam Buddha Nagar,Whole Year
Uttar Pradesh,Gautam Buddha Nagar,Summer
Uttar Pradesh,Ghaziabad,Kharif
Uttar Pradesh,Ghaziabad,Summer
Uttar Pradesh,Ghaziabad,Rabi
Uttar Pradesh,Ghaziabad,Whole Year
Uttar Pradesh,Ghazipur,Kharif
Uttar Pradesh,Ghazipur,Summer
Uttar Pradesh,Ghazipur,Rabi
Uttar Pradesh,Ghazipur,Whole Year
Uttar Pradesh,Gonda,Kharif
Uttar Pradesh,Gonda,Summer
Uttar Pradesh,Gonda,Rabi
Uttar Pradesh,Gonda,Whole Year
Uttar Pradesh,Gorakhpur,Kharif
Uttar Pradesh,Gorakhpur,Summer
Uttar Pradesh,Gorakhpur,Whole Year
Uttar Pradesh,Gorakhpur,Rabi
Uttar Pradesh,Hamirpur,Kharif
Uttar Pradesh,Hamirpur,Rabi
Uttar Pradesh,Hamirpur,Whole Year
Uttar Pradesh,Hamirpur,Summer
Uttar Pradesh,Hapur,Kharif
Uttar Pradesh,Hapur,Rabi
Uttar Pradesh,Hapur,Summer
Uttar Pradesh,Hardoi,Kharif
Uttar Pradesh,Hardoi,Summer
Uttar Pradesh,Hardoi,Rabi
Uttar Pradesh,Hardoi,Whole Year
Uttar Pradesh,Hathras,Kharif
Uttar Pradesh,Hathras,Summer
Uttar Pradesh,Hathras,Rabi
Uttar Pradesh,Hathras,Whole Year
Uttar Pradesh,Jalaun,Kharif
Uttar Pradesh,Jalaun,Rabi
Uttar Pradesh,Jalaun,Whole Year
Uttar Pradesh,Jalaun,Summer
Uttar Pradesh,Jaunpur,Kharif
Uttar Pradesh,Jaunpur,Summer
Uttar Pradesh,Jaunpur,Whole Year
Uttar Pradesh,Jaunpur,Rabi
Uttar Pradesh,Jhansi,Kharif
Uttar Pradesh,Jhansi,Rabi
Uttar Pradesh,Jhansi,Whole Year
Uttar Pradesh,Jhansi,Summer
Uttar Pradesh,Kannauj,Kharif
Uttar Pradesh,Kannauj,Summer
Uttar Pradesh,Kannauj,Rabi
Uttar Pradesh,Kannauj,Whole Year
Uttar Pradesh,Kanpur Dehat,Kharif
Uttar Pradesh,Kanpur Dehat,Summer
Uttar Pradesh,Kanpur Dehat,Rabi
Uttar Pradesh,Kanpur Dehat,Whole Year
Uttar Pradesh,Kanpur Nagar,Kharif
Uttar Pradesh,Kanpur Nagar,Rabi
Uttar Pradesh,Kanpur Nagar,Whole Year
Uttar Pradesh,Kanpur Nagar,Summer
Uttar Pradesh,Kasganj,Kharif
Uttar Pradesh,Kasganj,Summer
Uttar Pradesh,Kasganj,Rabi
Uttar Pradesh,Kaushambi,Kharif
Uttar Pradesh,Kaushambi,Summer
Uttar Pradesh,Kaushambi,Whole Year
Uttar Pradesh,Kaushambi,Rabi
Uttar Pradesh,Kushinagar,Kharif
Uttar Pradesh,Kushinagar,Summer
Uttar Pradesh,Kushinagar,Whole Year
Uttar Pradesh,Kushinagar,Rabi
Uttar Pradesh,Lakhimpur Kheri,Kharif
Uttar Pradesh,Lakhimpur Kheri,Summer
Uttar Pradesh,Lakhimpur Kheri,Whole Year
Uttar Pradesh,Lakhimpur Kheri,Rabi
Uttar Pradesh,Lalitpur,Kharif
Uttar Pradesh,Lalitpur,Rabi
Uttar Pradesh,Lalitpur,Whole Year
Uttar Pradesh,Lalitpur,Summer
Uttar Pradesh,Lucknow,Kharif
Uttar Pradesh,Lucknow,Summer
Uttar Pradesh,Lucknow,Whole Year
Uttar Pradesh,Lucknow,Rabi
Uttar Pradesh,Maharajganj,Kharif
Uttar Pradesh,Maharajganj,Summer
Uttar Pradesh,Maharajganj,Whole Year
Uttar Pradesh,Maharajganj,Rabi
Uttar Pradesh,Mahoba,Kharif
Uttar Pradesh,Mahoba,Rabi
Uttar Pradesh,Mahoba,Whole Year
Uttar Pradesh,Mahoba,Summer
Uttar Pradesh,Mainpuri,Kharif
Uttar Pradesh,Mainpuri,Summer
Uttar Pradesh,Mainpuri,Rabi
Uttar Pradesh,Mainpuri,Whole Year
Uttar Pradesh,Mathura,Kharif
Uttar Pradesh,Mathura,Summer
Uttar Pradesh,Mathura,Rabi
Uttar Pradesh,Mathura,Whole Year
Uttar Pradesh,Mau,Kharif
Uttar Pradesh,Mau,Summer
Uttar Pradesh,Mau,Rabi
Uttar Pradesh,Mau,Whole Year
Uttar Pradesh,Meerut,Kharif
Uttar Pradesh,Meerut,Summer
Uttar Pradesh,Meerut,Rabi
Uttar Pradesh,Meerut,Whole Year
Uttar Pradesh,Mirzapur,Kharif
Uttar Pradesh,Mirzapur,Summer
Uttar Pradesh,Mirzapur,Rabi
Uttar Pradesh,Mirzapur,Whole Year
Uttar Pradesh,Moradabad,Kharif
Uttar Pradesh,Moradabad,Summer
Uttar Pradesh,Moradabad,Whole Year
Uttar Pradesh,Moradabad,Rabi
Uttar Pradesh,Muzaffarnagar,Kharif
Uttar Pradesh,Muzaffarnagar,Summer
Uttar Pradesh,Muzaffarnagar,Rabi
Uttar Pradesh,Muzaffarnagar,Whole Year
Uttar Pradesh,Pilibhit,Kharif
Uttar Pradesh,Pilibhit,Summer
Uttar Pradesh,Pilibhit,Rabi
Uttar Pradesh,Pilibhit,Whole Year
Uttar Pradesh,Pratapgarh,Kharif
Uttar Pradesh,Pratapgarh,Summer
Uttar Pradesh,Pratapgarh,Rabi
Uttar Pradesh,Pratapgarh,Whole Year
Uttar Pradesh,Prayagraj,Kharif
Uttar Pradesh,Prayagraj,Summer
Uttar Pradesh,Prayagraj,Whole Year
Uttar Pradesh,Prayagraj,Rabi
Uttar Pradesh,Rae Bareli,Kharif
Uttar Pradesh,Rae Bareli,Summer
Uttar Pradesh,Rae Bareli,Rabi
Uttar Pradesh,Rae Bareli,Whole Year
Uttar Pradesh,Rampur,Kharif
Uttar Pradesh,Rampur,Summer
Uttar Pradesh,Rampur,Rabi
Uttar Pradesh,Rampur,Whole Year
Uttar Pradesh,Saharanpur,Kharif
Uttar Pradesh,Saharanpur,Rabi
Uttar Pradesh,Saharanpur,Whole Year
Uttar Pradesh,Saharanpur,Summer
Uttar Pradesh,Sambhal,Kharif
Uttar Pradesh,Sambhal,Rabi
Uttar Pradesh,Sambhal,Summer
Uttar Pradesh,Sant Kabir Nagar,Kharif
Uttar Pradesh,Sant Kabir Nagar,Summer
Uttar Pradesh,Sant Kabir Nagar,Whole Year
Uttar Pradesh,Sant Kabir Nagar,Rabi
Uttar Pradesh,Sant Ravidas Nagar,Kharif
Uttar Pradesh,Sant Ravidas Nagar,Rabi
Uttar Pradesh,Sant Ravidas Nagar,Whole Year
Uttar Pradesh,Sant Ravidas Nagar,Summer
Uttar Pradesh,Shahjahanpur,Kharif
Uttar Pradesh,Shahjahanpur,Summer
Uttar Pradesh,Shahjahanpur,Rabi
Uttar Pradesh,Shahjahanpur,Whole Year
Uttar Pradesh,Shamli,Kharif
Uttar Pradesh,Shamli,Summer
Uttar Pradesh,Shamli,Rabi
Uttar Pradesh,Shravasti,Kharif
Uttar Pradesh,Shravasti,Summer
Uttar Pradesh,Shravasti,Whole Year
Uttar Pradesh,Shravasti,Rabi
Uttar Pradesh,Siddharthnagar,Kharif
Uttar Pradesh,Siddharthnagar,Summer
Uttar Pradesh,Siddharthnagar,Whole Year
Uttar Pradesh,Siddharthnagar,Rabi
Uttar Pradesh,Sitapur,Kharif
Uttar Pradesh,Sitapur,Summer
Uttar Pradesh,Sitapur,Whole Year
Uttar Pradesh,Sitapur,Rabi
Uttar Pradesh,Sonbhadra,Kharif
Uttar Pradesh,Sonbhadra,Rabi
Uttar Pradesh,Sonbhadra,Whole Year
Uttar Pradesh,Sonbhadra,Summer
Uttar Pradesh,Sultanpur,Kharif
Uttar Pradesh,Sultanpur,Summer
Uttar Pradesh,Sultanpur,Whole Year
Uttar Pradesh,Sultanpur,Rabi
Uttar Pradesh,Unnao,Kharif
Uttar Pradesh,Unnao,Summer
Uttar Pradesh,Unnao,Rabi
Uttar Pradesh,Unnao,Whole Year
Uttar Pradesh,Varanasi,Kharif
Uttar Pradesh,Varanasi,Summer
Uttar Pradesh,Varanasi,Rabi
Uttar Pradesh,Varanasi,Whole Year
Uttarakhand,Almora,Kharif
Uttarakhand,Almora,Rabi
Uttarakhand,Almora,Whole Year
Uttarakhand,Bageshwar,Kharif
Uttarakhand,Bageshwar,Rabi
Uttarakhand,Bageshwar,Whole Year
Uttarakhand,Chamoli,Kharif
Uttarakhand,Chamoli,Rabi
Uttarakhand,Chamoli,Whole Year
Uttarakhand,Champawat,Kharif
Uttarakhand,Champawat,Rabi
Uttarakhand,Champawat,Whole Year
Uttarakhand,Champawat,Summer
Uttarakhand,Dehradun,Kharif
Uttarakhand,Dehradun,Rabi
Uttarakhand,Dehradun,Whole Year
Uttarakhand,Dehradun,Summer
Uttarakhand,Haridwar,Kharif
Uttarakhand,Haridwar,Rabi
Uttarakhand,Haridwar,Summer
Uttarakhand,Haridwar,Whole Year
Uttarakhand,Nainital,Kharif
Uttarakhand,Nainital,Rabi
Uttarakhand,Nainital,Whole Year
Uttarakhand,Nainital,Summer
Uttarakhand,Pauri Garhwal,Kharif
Uttarakhand,Pauri Garhwal,Rabi
Uttarakhand,Pauri Garhwal,Whole Year
Uttarakhand,Pithoragarh,Kharif
Uttarakhand,Pithoragarh,Rabi
Uttarakhand,Pithoragarh,Whole Year
Uttarakhand,Pithoragarh,Summer
Uttarakhand,Rudraprayag,Kharif
Uttarakhand,Rudraprayag,Rabi
Uttarakhand,Rudraprayag,Whole Year
Uttarakhand,Tehri Garhwal,Kharif
Uttarakhand,Tehri Garhwal,Rabi
Uttarakhand,Tehri Garhwal,Whole Year
Uttarakhand,Udham Singh Nagar,Kharif
Uttarakhand,Udham Singh Nagar,Rabi
Uttarakhand,Udham Singh Nagar,Whole Year
Uttarakhand,Udham Singh Nagar,Summer
Uttarakhand,Uttarkashi,Kharif
Uttarakhand,Uttarkashi,Rabi
Uttarakhand,Uttarkashi,Whole Year
West Bengal,Alipurduar,Rabi
West Bengal,Alipurduar,Whole Year
West Bengal,Alipurduar,Autumn
West Bengal,Alipurduar,Summer
West Bengal,Alipurduar,Kharif
West Bengal,Alipurduar,Winter
West Bengal,Bankura,Whole Year
West Bengal,Bankura,Kharif
West Bengal,Bankura,Rabi
West Bengal,Bankura,Autumn
West Bengal,Bankura,Summer
West Bengal,Bankura,Winter
West Bengal,Birbhum,Whole Year
West Bengal,Birbhum,Kharif
West Bengal,Birbhum,Rabi
West Bengal,Birbhum,Autumn
West Bengal,Birbhum,Summer
West Bengal,Birbhum,Winter
West Bengal,Cooch Behar,Whole Year
West Bengal,Cooch Behar,Kharif
West Bengal,Cooch Behar,Rabi
West Bengal,Cooch Behar,Autumn
West Bengal,Cooch Behar,Summer
West Bengal,Cooch Behar,Winter
West Bengal,Dakshin Dinajpur,Whole Year
West Bengal,Dakshin Dinajpur,Rabi
West Bengal,Dakshin Dinajpur,Autumn
West Bengal,Dakshin Dinajpur,Kharif
West Bengal,Dakshin Dinajpur,Summer
West Bengal,Dakshin Dinajpur,Winter
West Bengal,Darjeeling,Whole Year
West Bengal,Darjeeling,Kharif
West Bengal,Darjeeling,Rabi
West Bengal,Darjeeling,Autumn
West Bengal,Darjeeling,Summer
West Bengal,Darjeeling,Winter
West Bengal,Hooghly,Whole Year
West Bengal,Hooghly,Rabi
West Bengal,Hooghly,Kharif
West Bengal,Hooghly,Autumn
West Bengal,Hooghly,Summer
West Bengal,Hooghly,Winter
West Bengal,Howrah,Whole Year
West Bengal,Howrah,Kharif
West Bengal,Howrah,Autumn
West Bengal,Howrah,Rabi
West Bengal,Howrah,Summer
West Bengal,Howrah,Winter
West Bengal,Jalpaiguri,Whole Year
West Bengal,Jalpaiguri,Kharif
West Bengal,Jalpaiguri,Rabi
West Bengal,Jalpaiguri,Autumn
West Bengal,Jalpaiguri,Summer
West Bengal,Jalpaiguri,Winter
West Bengal,Jhargram,Rabi
West Bengal,Jhargram,Kharif
West Bengal,Jhargram,Whole Year
West Bengal,Jhargram,Summer
West Bengal,Jhargram,Autumn
West Bengal,Jhargram,Winter
West Bengal,Kalimpong,Rabi
West Bengal,Kalimpong,Whole Year
West Bengal,Kalimpong,Autumn
West Bengal,Kalimpong,Summer
West Bengal,Kalimpong,Kharif
West Bengal,Kalimpong,Winter
West Bengal,Malda,Whole Year
West Bengal,Malda,Kharif
West Bengal,Malda,Rabi
West Bengal,Malda,Autumn
West Bengal,Malda,Summer
West Bengal,Malda,Winter
West Bengal,Murshidabad,Whole Year
West Bengal,Murshidabad,Kharif
West Bengal,Murshidabad,Rabi
West Bengal,Murshidabad,Autumn
West Bengal,Murshidabad,Summer
West Bengal,Murshidabad,Winter
West Bengal,Nadia,Whole Year
West Bengal,Nadia,Kharif
West Bengal,Nadia,Rabi
West Bengal,Nadia,Autumn
West Bengal,Nadia,Summer
West Bengal,Nadia,Winter
West Bengal,North 24 Parganas,Whole Year
West Bengal,North 24 Parganas,Kharif
West Bengal,North 24 Parganas,Rabi
West Bengal,North 24 Parganas,Autumn
West Bengal,North 24 Parganas,Summer
West Bengal,North 24 Parganas,Winter
West Bengal,Paschim Bardhaman,Rabi
West Bengal,Paschim Bardhaman,Whole Year
West Bengal,Paschim Bardhaman,Kharif
West Bengal,Paschim Bardhaman,Autumn
West Bengal,Paschim Bardhaman,Summer
West Bengal,Paschim Bardhaman,Winter
West Bengal,Paschim Medinipur,Whole Year
West Bengal,Paschim Medinipur,Kharif
West Bengal,Paschim Medinipur,Rabi
West Bengal,Paschim Medinipur,Autumn
West Bengal,Paschim Medinipur,Summer
West Bengal,Paschim Medinipur,Winter
West Bengal,Purba Bardhaman,Whole Year
West Bengal,Purba Bardhaman,Kharif
West Bengal,Purba Bardhaman,Rabi
West Bengal,Purba Bardhaman,Autumn
West Bengal,Purba Bardhaman,Summer
West Bengal,Purba Bardhaman,Winter
West Bengal,Purba Medinipur,Whole Year
West Bengal,Purba Medinipur,Rabi
West Bengal,Purba Medinipur,Kharif
West Bengal,Purba Medinipur,Autumn
West Bengal,Purba Medinipur,Summer
West Bengal,Purba Medinipur,Winter
West Bengal,Purulia,Whole Year
West Bengal,Purulia,Kharif
West Bengal,Purulia,Rabi
West Bengal,Purulia,Autumn
West Bengal,Purulia,Summer
West Bengal,Purulia,Winter
West Bengal,South 24 Parganas,Whole Year
West Bengal,South 24 Parganas,Rabi
West Bengal,South 24 Parganas,Kharif
West Bengal,South 24 Parganas,Autumn
West Bengal,South 24 Parganas,Summer
West Bengal,South 24 Parganas,Winter
West Bengal,Uttar Dinajpur,Whole Year
West Bengal,Uttar Dinajpur,Kharif
West Bengal,Uttar Dinajpur,Rabi
West Bengal,Uttar Dinajpur,Autumn
West Bengal,Uttar Dinajpur,Summer
West Bengal,Uttar Dinajpur,Winter
